protocol,seed,duration_s,flows,unicast_flows,broadcast_flows,unicast_pdr,broadcast_coverage,avg_delay_s,unicast_deliveries,broadcast_deliveries,tx_count,data_tx,control_tx,ack_tx,total_airtime_s,airtime_per_delivery_s,mean_delivery_delay_s,rx_success,rx_fail,collision_fail,duplicate_rx,suppressed_forwards,route_requests,route_replies,route_cache_hits,route_cache_misses,fallback_forward_count,route_repair_count,mean_path_confidence,control_overhead_ratio,policy_switch_count,policy_update_count,policy_reward_total,active_profile_index
meshtastic-like,1,1200.0,202,98,104,0.908163,0.923469,0.96114,89,4706,7712,7712,0,0,1903.198208,0.396913,0.672592,13778,364110,199453,4691,2932,0,0,0,0,0,0,0.0,0.0,0,0,0.0,-1
meshcore-like,1,1200.0,202,98,104,0.55102,0.940149,0.405483,54,4791,6022,4928,1094,54,1486.133248,0.306735,0.685526,14187,280891,138588,3262,0,1019,21,46,52,0,0,0.0,0.181667,0,0,0.0,-1
calm-mesh,1,1200.0,202,98,104,0.530612,0.94113,0.63565,52,4796,5030,4328,702,52,1241.32352,0.256049,0.594171,13507,232963,112378,2716,1398,637,13,55,43,0,5,0.945524,0.139563,0,0,0.0,-1
smart-calm,1,1200.0,202,98,104,0.887755,0.940345,11.040145,87,4792,6418,5594,824,94,1583.859712,0.324628,0.773755,17367,297115,149669,2646,1540,717,13,63,35,1208,7,0.92875,0.128389,8,134,90.271677,2
meshtastic-like,2,1200.0,205,109,96,0.899083,0.882228,0.727984,98,4150,7435,7435,0,0,1834.83904,0.43193,0.860446,15117,349051,198603,6091,3459,0,0,0,0,0,0,0.0,0.0,0,0,0.0,-1
meshcore-like,2,1200.0,205,109,96,0.495413,0.917092,0.377066,54,4314,5468,4464,1004,54,1349.414912,0.308932,0.455356,13220,254712,119653,2791,0,928,22,46,63,0,0,0.0,0.183614,0,0,0.0,-1
calm-mesh,2,1200.0,205,109,96,0.394495,0.923044,0.661965,43,4342,4548,3868,680,43,1122.373632,0.255957,0.50793,11949,210903,104760,2457,1377,625,12,39,70,61,7,0.939912,0.149516,0,0,0.0,-1
smart-calm,2,1200.0,205,109,96,0.880734,0.870323,23.616077,96,4094,6867,6135,732,107,1694.665728,0.404455,1.186385,17505,318978,161429,3527,1900,612,13,27,82,2437,8,0.876036,0.106597,6,146,44.1978,0
meshtastic-like,3,1200.0,216,123,93,0.902439,0.883257,0.939213,111,4025,7756,7756,0,0,1914.056704,0.46278,0.759228,15180,364864,206188,5665,3485,0,0,0,0,0,0,0.0,0.0,0,0,0.0,-1
meshcore-like,3,1200.0,216,123,93,0.365854,0.929339,0.367434,45,4235,5190,4352,838,45,1280.80896,0.299254,0.487588,11808,242453,107506,2360,0,777,16,42,81,0,0,0.0,0.161464,0,0,0.0,-1
calm-mesh,3,1200.0,216,123,93,0.682927,0.924951,0.799991,84,4215,4924,3911,1013,89,1215.164416,0.282662,0.446791,16488,224739,109478,2543,1356,909,15,84,39,170,14,0.942495,0.205727,0,0,0.0,-1
smart-calm,3,1200.0,216,123,93,0.902439,0.91749,8.391423,111,4181,5266,4346,920,120,1299.564544,0.302788,0.817365,19824,238161,119290,2755,1578,785,15,90,33,658,10,0.952766,0.174706,5,159,121.573276,0
meshtastic-like,4,1200.0,203,94,109,0.914894,0.90058,0.865688,86,4810,7312,7312,0,0,1804.484608,0.368563,0.822292,14594,343694,194507,5586,3432,0,0,0,0,0,0,0.0,0.0,0,0,0.0,-1
meshcore-like,4,1200.0,203,94,109,0.425532,0.922299,0.407194,40,4926,5959,5067,892,42,1470.585856,0.296131,0.591619,13698,278293,134934,3551,0,830,20,38,56,0,0,0.0,0.14969,0,0,0.0,-1
calm-mesh,4,1200.0,203,94,109,0.457447,0.93709,0.877291,43,5005,5241,4407,834,43,1293.394944,0.256219,0.710281,14434,242375,127872,3865,1920,777,14,48,46,99,10,0.943432,0.15913,0,0,0.0,-1
smart-calm,4,1200.0,203,94,109,0.861702,0.923048,18.210324,81,4930,6145,5419,726,83,1516.48768,0.302632,0.915527,17421,283684,144926,3455,1956,631,12,52,42,1086,5,0.944893,0.118145,2,133,93.579849,1
meshtastic-like,5,1200.0,174,91,83,0.912088,0.894763,0.80064,83,3639,6404,6404,0,0,1580.404736,0.424612,0.523133,11552,302244,161620,3843,2597,0,0,0,0,0,0,0.0,0.0,0,0,0.0,-1
meshcore-like,5,1200.0,174,91,83,0.494505,0.925498,0.422275,45,3764,4801,3900,901,47,1184.809984,0.311055,0.444359,11509,223740,105238,2406,0,834,20,37,54,0,0,0.0,0.187669,0,0,0.0,-1
calm-mesh,5,1200.0,174,91,83,0.505495,0.945168,0.924652,46,3844,4374,3523,851,46,1079.433216,0.277489,0.548434,12245,202081,104473,3015,1381,793,12,40,51,147,11,0.944942,0.194559,0,0,0.0,-1
smart-calm,5,1200.0,174,91,83,0.912088,0.944677,11.11202,83,3842,5113,4326,787,89,1261.806592,0.321479,0.841081,15940,234597,119782,2819,1572,685,13,53,38,883,8,0.953094,0.153921,3,125,90.097628,0
meshtastic-like,6,1200.0,186,104,82,0.913462,0.902439,0.563952,95,3626,6797,6797,0,0,1677.390848,0.45079,0.882275,13379,319331,181928,5117,3026,0,0,0,0,0,0,0.0,0.0,0,0,0.0,-1
meshcore-like,6,1200.0,186,104,82,0.644231,0.888253,0.379384,67,3569,4798,3679,1119,67,1184.069632,0.325652,0.60544,14429,220673,107078,3250,0,1030,22,63,41,0,0,0.0,0.233222,0,0,0.0,-1
calm-mesh,6,1200.0,186,104,82,0.596154,0.920856,0.811176,62,3700,4144,3288,856,62,1022.672896,0.271843,0.668285,13450,189606,97563,2412,1259,779,15,58,46,77,9,0.947326,0.206564,0,0,0.0,-1
smart-calm,6,1200.0,186,104,82,0.913462,0.905177,7.178747,95,3637,4272,3388,884,101,1054.261248,0.282492,0.844357,17060,192268,99278,2497,1330,768,15,83,21,186,9,0.952869,0.206929,5,141,139.256963,0
meshtastic-like,7,1200.0,222,123,99,0.934959,0.954442,0.707269,115,4630,8452,8452,0,0,2085.818368,0.439582,0.684083,16430,397669,217351,6178,3646,0,0,0,0,0,0,0.0,0.0,0,0,0.0,-1
meshcore-like,7,1200.0,222,123,99,0.455285,0.935683,0.352549,56,4539,5645,4694,951,56,1393.09568,0.303176,0.373781,13263,263342,116166,2253,0,875,20,48,75,0,0,0.0,0.168468,0,0,0.0,-1
calm-mesh,7,1200.0,222,123,99,0.642276,0.947021,0.694499,79,4594,5164,4202,962,82,1274.392576,0.272714,0.512256,16586,236450,118893,2972,1470,866,14,75,48,98,10,0.942932,0.18629,0,0,0.0,-1
smart-calm,7,1200.0,222,123,99,0.894309,0.955885,11.960122,110,4637,5699,4871,828,123,1406.422016,0.296276,0.760086,20447,258755,127228,3006,1671,692,13,84,39,774,8,0.948234,0.145289,6,161,107.267413,1
meshtastic-like,8,1200.0,207,100,107,0.95,0.92695,0.752438,95,4860,7897,7897,0,0,1948.853248,0.39331,0.621356,14322,372288,203473,4810,3192,0,0,0,0,0,0,0.0,0.0,0,0,0.0,-1
meshcore-like,8,1200.0,207,100,107,0.7,0.944116,0.394854,70,4950,6402,5135,1267,70,1579.911168,0.314723,0.425547,15540,298158,133459,2486,0,1172,25,56,44,0,0,0.0,0.197907,0,0,0.0,-1
calm-mesh,8,1200.0,207,100,107,0.76,0.971963,0.73164,76,5096,5454,4581,873,76,1345.959936,0.26024,0.403803,16085,251161,120634,2336,1363,782,15,70,30,31,8,0.943552,0.160066,0,0,0.0,-1
smart-calm,8,1200.0,207,100,107,0.89,0.95308,4.050319,89,4997,5625,4682,943,96,1388.16,0.272937,0.453817,18302,257323,124788,2752,1354,833,14,79,21,173,10,0.94414,0.167644,8,138,101.356639,2
meshtastic-like,9,1200.0,193,90,103,0.944444,0.938577,0.747946,85,4737,7194,7194,0,0,1775.364096,0.36818,0.885281,14715,337791,192349,5815,3469,0,0,0,0,0,0,0.0,0.0,0,0,0.0,-1
meshcore-like,9,1200.0,193,90,103,0.5,0.933624,0.38937,45,4712,5761,4864,897,45,1421.722624,0.29887,0.588336,13709,268580,129015,3845,0,835,17,40,50,0,0,0.0,0.155702,0,0,0.0,-1
calm-mesh,9,1200.0,193,90,103,0.766667,0.955419,0.951736,69,4822,5237,4275,962,70,1292.407808,0.264242,0.583395,16036,240577,124319,3256,1748,877,15,66,24,102,12,0.942497,0.183693,0,0,0.0,-1
smart-calm,9,1200.0,193,90,103,0.977778,0.942144,6.883241,88,4755,5122,4281,841,92,1264.027648,0.261001,0.691841,18089,232889,116408,3072,1609,735,14,73,17,88,7,0.952601,0.164194,3,129,133.610479,0
meshtastic-like,10,1200.0,208,105,103,0.895238,0.895582,0.745272,94,4520,7584,7584,0,0,1871.609856,0.405637,0.62087,13959,356824,196209,4800,3129,0,0,0,0,0,0,0.0,0.0,0,0,0.0,-1
meshcore-like,10,1200.0,208,105,103,0.466667,0.987319,0.367658,49,4983,5942,5143,799,49,1466.390528,0.291413,0.408126,13333,277825,128498,2758,0,736,14,45,60,0,0,0.0,0.134467,0,0,0.0,-1
calm-mesh,10,1200.0,208,105,103,0.742857,0.980186,0.726976,78,4947,5469,4508,961,78,1349.661696,0.268589,0.473213,17016,250965,124555,2783,1502,867,16,76,29,136,13,0.94896,0.175718,0,0,0.0,-1
smart-calm,10,1200.0,208,105,103,0.961905,0.981771,7.459229,101,4955,5803,5047,756,105,1432.087552,0.283245,0.562988,18874,265473,125324,2580,1520,638,13,84,21,580,6,0.936645,0.130277,7,144,129.337977,0
meshtastic-like,11,1200.0,247,122,125,0.92623,0.869224,1.092427,113,5324,8785,8785,0,0,2167.99744,0.398749,0.758399,17939,412526,232907,7116,4140,0,0,0,0,0,0,0.0,0.0,0,0,0.0,-1
meshcore-like,11,1200.0,247,122,125,0.516393,0.923918,0.419141,63,5659,6848,5818,1030,75,1689.976832,0.295347,0.54615,17386,318166,143649,3324,0,934,21,61,61,0,0,0.0,0.150409,0,0,0.0,-1
calm-mesh,11,1200.0,247,122,125,0.770492,0.93649,0.557509,94,5736,6036,5096,940,94,1489.588224,0.255504,0.618164,19279,276485,138177,3248,1876,830,16,100,22,24,9,0.94553,0.155732,0,0,0.0,-1
smart-calm,11,1200.0,247,122,125,0.909836,0.946939,12.1139,111,5800,6960,6087,873,125,1717.61664,0.29058,0.91579,22273,318767,161046,3875,2019,730,18,84,38,872,8,0.949196,0.125431,4,158,105.654221,2
meshtastic-like,12,1200.0,213,106,107,0.867925,0.951364,0.809405,92,4988,7884,7884,0,0,1945.645056,0.383001,0.597585,14400,371916,203815,4968,3114,0,0,0,0,0,0,0.0,0.0,0,0,0.0,-1
meshcore-like,12,1200.0,213,106,107,0.254717,0.980355,0.374746,27,5140,5842,5265,577,27,1441.712128,0.279023,0.512118,11218,275040,129986,2861,0,539,11,27,79,0,0,0.0,0.098768,0,0,0.0,-1
calm-mesh,12,1200.0,213,106,107,0.556604,0.957658,0.816367,59,5021,5410,4612,798,60,1335.10144,0.262815,0.503296,14758,250332,123593,2906,1630,724,14,56,50,162,12,0.942533,0.147505,0,0,0.0,-1
smart-calm,12,1200.0,213,106,107,0.896226,0.954797,15.780411,95,5006,6686,5767,919,111,1649.997824,0.323466,0.799182,19559,308055,153484,3187,1875,796,12,56,50,1276,14,0.937895,0.137451,8,146,90.600809,1
meshtastic-like,13,1200.0,210,99,111,0.888889,0.915426,0.843245,88,4979,7703,7703,0,0,1900.977152,0.375168,0.755859,14753,362694,200202,5483,3232,0,0,0,0,0,0,0.0,0.0,0,0,0.0,-1
meshcore-like,13,1200.0,210,99,111,0.535354,0.926641,0.381817,53,5040,6306,5199,1107,54,1556.219904,0.305561,0.575184,14831,294163,139438,3270,0,1029,24,54,45,0,0,0.0,0.175547,0,0,0.0,-1
calm-mesh,13,1200.0,210,99,111,0.585859,0.897408,0.793017,58,4881,5282,4426,856,59,1303.513088,0.263922,0.641443,14997,243821,125648,3362,1708,783,14,59,40,119,10,0.947418,0.16206,0,0,0.0,-1
smart-calm,13,1200.0,210,99,111,0.929293,0.907887,7.479012,92,4938,5519,4580,939,106,1362.000896,0.270776,0.85832,19404,251027,132637,3604,1848,819,14,76,23,233,11,0.949409,0.17014,5,135,113.84521,0
meshtastic-like,14,1200.0,188,81,107,0.950617,0.933626,0.877141,77,4895,7198,7198,0,0,1776.351232,0.357271,0.789707,13368,339334,186111,4708,3003,0,0,0,0,0,0,0.0,0.0,0,0,0.0,-1
meshcore-like,14,1200.0,188,81,107,0.802469,0.90082,0.417634,65,4723,6264,4894,1370,68,1545.854976,0.32286,0.602279,16240,290696,137229,3421,0,1274,28,54,27,0,0,0.0,0.21871,0,0,0.0,-1
calm-mesh,14,1200.0,188,81,107,0.790123,0.92962,0.830851,64,4874,5336,4428,908,64,1316.839424,0.266675,0.559581,15131,246333,120480,2729,1467,829,15,56,25,68,9,0.946336,0.170165,0,0,0.0,-1
smart-calm,14,1200.0,188,81,107,0.901235,0.949266,15.000853,73,4977,6139,5414,725,79,1515.006976,0.300001,0.858586,17351,283460,144748,3833,2001,633,13,41,40,1059,6,0.950528,0.118097,6,118,79.693479,1
meshtastic-like,15,1200.0,215,102,113,0.892157,0.909879,0.666881,91,5038,8067,8067,0,0,1990.806528,0.388147,0.728863,15146,380137,201678,5629,3195,0,0,0,0,0,0,0.0,0.0,0,0,0.0,-1
meshcore-like,15,1200.0,215,102,113,0.107843,0.935163,0.426263,11,5178,5810,5302,508,11,1433.81504,0.276318,0.449609,9301,275389,124427,2528,0,483,14,13,89,0,0,0.0,0.087435,0,0,0.0,-1
calm-mesh,15,1200.0,215,102,113,0.176471,0.958461,1.334134,18,5307,5345,4829,516,22,1319.06048,0.247711,0.539215,10350,251555,121565,2656,1494,483,11,17,85,67,5,0.933758,0.096539,0,0,0.0,-1
smart-calm,15,1200.0,215,102,113,0.960784,0.906809,14.927818,98,5021,6328,5513,815,119,1561.649152,0.305069,0.879343,20157,289915,145164,3413,1862,681,15,63,39,952,10,0.928224,0.128793,5,141,115.563608,0
meshtastic-like,16,1200.0,199,98,101,0.877551,0.943827,0.943909,86,4671,7407,7407,0,0,1827.929088,0.384261,0.710146,13499,349444,195631,4671,2932,0,0,0,0,0,0,0.0,0.0,0,0,0.0,-1
meshcore-like,16,1200.0,199,98,101,0.44898,0.948879,0.426263,44,4696,5762,4850,912,49,1421.969408,0.299994,0.572322,13816,268522,126400,3279,0,843,20,39,59,0,0,0.0,0.158278,0,0,0.0,-1
calm-mesh,16,1200.0,199,98,101,0.255102,0.950495,0.516398,25,4704,4735,4160,575,25,1168.52224,0.247097,0.551396,10745,221270,107240,2723,1358,539,11,27,71,0,3,0.932234,0.121436,0,0,0.0,-1
smart-calm,16,1200.0,199,98,101,0.887755,0.93534,17.967482,87,4629,6585,5751,834,92,1625.07264,0.344587,1.018456,18774,303891,152632,4288,2052,729,13,42,56,1702,12,0.929773,0.126651,6,137,73.443412,1
meshtastic-like,17,1200.0,206,100,106,0.95,0.903928,0.865013,95,4695,7742,7742,0,0,1910.601728,0.398873,0.575684,13964,365394,196701,4612,3086,0,0,0,0,0,0,0.0,0.0,0,0,0.0,-1
meshcore-like,17,1200.0,206,100,106,0.47,0.923373,0.404306,47,4796,5891,4944,947,47,1453.804544,0.300187,0.308185,12532,276127,119570,2158,0,883,17,38,62,0,0,0.0,0.160754,0,0,0.0,-1
calm-mesh,17,1200.0,206,100,106,0.66,0.940316,0.685593,66,4884,5132,4366,766,66,1266.495488,0.255858,0.354579,14300,237168,108525,1811,1197,686,14,57,43,40,7,0.94577,0.14926,0,0,0.0,-1
smart-calm,17,1200.0,206,100,106,0.92,0.911051,13.941395,92,4732,6332,5399,933,97,1562.636288,0.32393,0.726804,18286,291982,139632,2917,1683,821,15,54,46,1181,12,0.943824,0.147347,10,138,113.254147,1
meshtastic-like,18,1200.0,194,101,93,0.920792,0.90169,0.914073,93,4109,7047,7047,0,0,1739.086848,0.413871,0.836684,14022,331281,190712,5416,3238,0,0,0,0,0,0,0.0,0.0,0,0,0.0,-1
meshcore-like,18,1200.0,194,101,93,0.574257,0.942945,0.382941,58,4297,5386,4438,948,62,1329.178624,0.305207,0.620367,14557,249357,117474,3245,0,867,19,52,49,0,0,0.0,0.176012,0,0,0.0,-1
calm-mesh,18,1200.0,194,101,93,0.841584,0.931095,0.71913,85,4243,4853,3916,937,87,1197.642752,0.27672,0.558545,15925,221872,106322,1959,1148,834,16,79,22,63,10,0.944927,0.193076,0,0,0.0,-1
smart-calm,18,1200.0,194,101,93,0.930693,0.958306,3.897266,94,4367,4852,4043,809,109,1197.395968,0.268414,0.649473,18682,219066,107083,2682,1377,686,14,87,14,42,7,0.930084,0.166735,3,137,131.956415,0
meshtastic-like,19,1200.0,213,118,95,0.898305,0.928464,0.714982,106,4322,7972,7972,0,0,1967.362048,0.4443,0.843589,15013,375517,207302,5489,3341,0,0,0,0,0,0,0.0,0.0,0,0,0.0,-1
meshcore-like,19,1200.0,213,118,95,0.838983,0.941783,0.381393,99,4384,6019,4544,1475,99,1485.392896,0.331339,0.56689,17900,276884,130513,2647,0,1349,27,88,30,0,0,0.0,0.245057,0,0,0.0,-1
calm-mesh,19,1200.0,213,118,95,0.483051,0.967777,0.693188,57,4505,4854,4098,756,57,1197.889536,0.26258,0.485457,13117,224582,108358,2133,1254,686,13,53,65,44,7,0.94633,0.155748,0,0,0.0,-1
smart-calm,19,1200.0,213,118,95,0.898305,0.960043,11.028971,106,4469,5649,4690,959,114,1394.082816,0.304718,0.905319,19414,257240,132684,3239,1578,829,16,83,35,693,9,0.938487,0.169765,10,153,95.715438,2
meshtastic-like,20,1200.0,194,95,99,0.989474,0.932797,0.582589,94,4525,7588,7588,0,0,1872.596992,0.405412,0.656175,14179,357633,196585,5082,3104,0,0,0,0,0,0,0.0,0.0,0,0,0.0,-1
meshcore-like,20,1200.0,194,95,99,0.463158,0.942898,0.403828,44,4574,5634,4706,928,44,1390.381056,0.301079,0.509366,12555,263511,121975,2669,0,866,18,33,62,0,0,0.0,0.164714,0,0,0.0,-1
calm-mesh,20,1200.0,194,95,99,0.494737,0.95403,0.655469,47,4628,4901,4144,757,52,1209.488384,0.258714,0.493496,13239,226910,112704,2478,1321,690,15,47,48,2,7,0.928357,0.154458,0,0,0.0,-1
smart-calm,20,1200.0,194,95,99,0.926316,0.943105,13.681961,88,4575,5749,5003,746,90,1418.761216,0.304259,0.741853,16988,264713,127457,2570,1477,643,13,58,37,885,7,0.943974,0.129762,8,134,99.561397,1
