protocol,seed,duration_s,flows,unicast_flows,broadcast_flows,unicast_pdr,destination_unicast_pdr,broadcast_coverage,avg_delay_s,unicast_delivery_delay_s,unicast_ack_delay_s,p95_unicast_delivery_delay_s,p95_unicast_ack_delay_s,unicast_deliveries,unicast_acks,broadcast_deliveries,tx_count,data_tx,control_tx,ack_tx,total_airtime_s,channel_busy_time_s,channel_busy_ratio,tx_energy_j,rx_energy_j,total_energy_j,energy_per_delivery_j,airtime_per_delivery_s,mean_delivery_delay_s,rx_success,rx_fail,rx_attempts,packet_reception_ratio,collision_fail,collision_rate,duplicate_rx,suppressed_forwards,route_requests,route_replies,route_discovery_attempts,route_discovery_successes,route_cache_hits,route_cache_misses,fallback_forward_count,route_repair_count,mean_path_confidence,control_overhead_ratio,policy_switch_count,policy_update_count,policy_reward_total,active_profile_index,profile_lean_count,profile_balanced_count,profile_rescue_count,scenario,nodes,area_m,rate_per_min,traffic,sf,path_loss_exp,random_pairs,pair_mode,edge_prr_threshold,min_graph_hops,max_graph_hops,candidate_pair_count,selected_pair_mean_graph_hops,independent_rng_streams,cached_route_count,multihop_cached_route_count,route_discovery_success_rate,rrep_rreq_tx_ratio,mean_cached_hops,direct_prr_p05,direct_prr_p25,direct_prr_p50,direct_prr_p75,direct_prr_p95,direct_prr_below_0_99,direct_prr_below_0_50
meshtastic-like,1,20.0,2,2,0,0.5,1.0,0.0,4.16604,2.397175,4.16604,3.730184,4.16604,2,1,0,29,24,5,5,2.086144,1.544218,0.077211,0.826113,3.435372,4.261485,4.261485,2.086144,2.397175,484,937,1421,0.340605,702,0.494018,262,93,0,0,0,0,0,0,0,0,0.0,0.172414,0,0,0.0,-1,0,0,0,sf7_15km_connected90_singleflow,50,15000.0,0.5,unicast,7,2.75,0,connected-multihop,0.9,2,4,1,2.0,1,0,0,0.0,0.0,0.0,0.0003981124136949109,0.14939883325143355,0.9841673309635237,0.9999601044750567,0.9999999996501752,0.5183673469387755,0.3240816326530612
meshcore-like,1,20.0,2,2,0,0.0,0.0,0.0,0.0,0.0,0.0,0.0,0.0,0,0,0,50,0,50,0,3.5968,1.260772,0.063039,1.424333,5.631076,7.055409,0.0,0.0,0.0,232,2218,2450,0.094694,1869,0.762857,170,0,49,1,1,0,0,2,0,0,0.0,1.0,0,0,0.0,-1,0,0,0,sf7_15km_connected90_singleflow,50,15000.0,0.5,unicast,7,2.75,0,connected-multihop,0.9,2,4,1,2.0,1,0,0,0.0,0.02040816326530612,0.0,0.0003981124136949109,0.14939883325143355,0.9841673309635237,0.9999601044750567,0.9999999996501752,0.5183673469387755,0.3240816326530612
calm-mesh,1,20.0,2,2,0,0.0,0.0,0.0,0.0,0.0,0.0,0.0,0.0,0,0,0,50,0,50,0,3.5968,1.2837,0.064185,1.424333,5.601735,7.026068,0.0,0.0,0.0,256,2194,2450,0.10449,1812,0.739592,185,0,49,1,1,0,0,2,0,0,0.744999,1.0,0,0,0.0,-1,0,0,0,sf7_15km_connected90_singleflow,50,15000.0,0.5,unicast,7,2.75,0,connected-multihop,0.9,2,4,1,2.0,1,0,0,0.0,0.02040816326530612,0.0,0.0003981124136949109,0.14939883325143355,0.9841673309635237,0.9999601044750567,0.9999999996501752,0.5183673469387755,0.3240816326530612
smart-calm,1,20.0,2,2,0,0.0,0.0,0.0,0.0,0.0,0.0,0.0,0.0,0,0,0,53,1,52,0,3.812608,1.516296,0.075815,1.509793,6.034518,7.544311,0.0,0.0,0.0,325,2272,2597,0.125144,1947,0.749711,195,0,49,3,1,0,0,2,1,0,0.76,0.981132,1,0,0.0,0,2,0,0,sf7_15km_connected90_singleflow,50,15000.0,0.5,unicast,7,2.75,0,connected-multihop,0.9,2,4,1,2.0,1,0,0,0.0,0.061224489795918366,0.0,0.0003981124136949109,0.14939883325143355,0.9841673309635237,0.9999601044750567,0.9999999996501752,0.5183673469387755,0.3240816326530612
smart-calm-static,1,20.0,2,2,0,0.5,0.5,0.0,15.766011,15.622139,15.766011,15.622139,15.766011,1,1,0,62,10,52,2,4.460032,1.879996,0.094,1.766173,7.022341,8.788513,8.788513,4.460032,15.622139,462,2576,3038,0.152074,2074,0.682686,302,36,49,1,1,0,0,2,10,0,0.744999,0.83871,0,0,0.0,1,0,2,0,sf7_15km_connected90_singleflow,50,15000.0,0.5,unicast,7,2.75,0,connected-multihop,0.9,2,4,1,2.0,1,0,0,0.0,0.02040816326530612,0.0,0.0003981124136949109,0.14939883325143355,0.9841673309635237,0.9999601044750567,0.9999999996501752,0.5183673469387755,0.3240816326530612
smart-calm-no-fallback,1,20.0,2,2,0,0.0,0.0,0.0,0.0,0.0,0.0,0.0,0.0,0,0,0,52,0,52,0,3.740672,1.44436,0.072218,1.481306,5.914708,7.396014,0.0,0.0,0.0,285,2263,2548,0.111852,1947,0.764129,195,0,49,3,1,0,0,2,0,0,0.76,1.0,1,0,0.0,0,2,0,0,sf7_15km_connected90_singleflow,50,15000.0,0.5,unicast,7,2.75,0,connected-multihop,0.9,2,4,1,2.0,1,0,0,0.0,0.061224489795918366,0.0,0.0003981124136949109,0.14939883325143355,0.9841673309635237,0.9999601044750567,0.9999999996501752,0.5183673469387755,0.3240816326530612
smart-calm-no-confidence,1,20.0,2,2,0,0.0,0.0,0.0,0.0,0.0,0.0,0.0,0.0,0,0,0,52,1,51,0,3.740672,1.516296,0.075815,1.481306,5.922043,7.40335,0.0,0.0,0.0,330,2218,2548,0.129513,1897,0.744505,211,0,49,2,1,0,0,2,1,0,0.759995,0.980769,1,0,0.0,0,2,0,0,sf7_15km_connected90_singleflow,50,15000.0,0.5,unicast,7,2.75,0,connected-multihop,0.9,2,4,1,2.0,1,0,0,0.0,0.04081632653061224,0.0,0.0003981124136949109,0.14939883325143355,0.9841673309635237,0.9999601044750567,0.9999999996501752,0.5183673469387755,0.3240816326530612
meshtastic-like,2,20.0,1,1,0,1.0,1.0,0.0,1.064687,0.920815,1.064687,0.920815,1.064687,1,1,0,14,12,2,2,1.007104,0.765716,0.038286,0.398813,1.655336,2.054149,2.054149,1.007104,0.920815,243,443,686,0.354227,344,0.501458,132,46,0,0,0,0,0,0,0,0,0.0,0.142857,0,0,0.0,-1,0,0,0,sf7_15km_connected90_singleflow,50,15000.0,0.5,unicast,7,2.75,0,connected-multihop,0.9,2,4,1,2.0,1,0,0,0.0,0.0,0.0,0.00016086249559578458,0.12042274795664898,0.9615593149113648,0.9999402237092,0.9999999999678921,0.5722448979591837,0.33877551020408164
meshcore-like,2,20.0,1,1,0,0.0,0.0,0.0,0.0,0.0,0.0,0.0,0.0,0,0,0,50,0,50,0,3.5968,1.658122,0.082906,1.424333,5.748441,7.172774,0.0,0.0,0.0,295,2155,2450,0.120408,1841,0.751429,233,0,49,1,1,0,0,1,0,0,0.0,1.0,0,0,0.0,-1,0,0,0,sf7_15km_connected90_singleflow,50,15000.0,0.5,unicast,7,2.75,0,connected-multihop,0.9,2,4,1,2.0,1,0,0,0.0,0.02040816326530612,0.0,0.00016086249559578458,0.12042274795664898,0.9615593149113648,0.9999402237092,0.9999999999678921,0.5722448979591837,0.33877551020408164
calm-mesh,2,20.0,1,1,0,0.0,0.0,0.0,0.0,0.0,0.0,0.0,0.0,0,0,0,50,0,50,0,3.5968,1.613196,0.08066,1.424333,5.760667,7.184999,0.0,0.0,0.0,260,2190,2450,0.106122,1951,0.796327,192,0,49,1,1,0,0,1,0,0,0.745,1.0,0,0,0.0,-1,0,0,0,sf7_15km_connected90_singleflow,50,15000.0,0.5,unicast,7,2.75,0,connected-multihop,0.9,2,4,1,2.0,1,0,0,0.0,0.02040816326530612,0.0,0.00016086249559578458,0.12042274795664898,0.9615593149113648,0.9999402237092,0.9999999999678921,0.5722448979591837,0.33877551020408164
smart-calm,2,20.0,1,1,0,0.0,0.0,0.0,0.0,0.0,0.0,0.0,0.0,0,0,0,52,1,51,0,3.740672,1.683175,0.084159,1.481306,5.990506,7.471812,0.0,0.0,0.0,346,2202,2548,0.135793,1935,0.759419,234,0,49,2,1,0,0,1,1,0,0.8,0.980769,1,0,0.0,0,1,0,0,sf7_15km_connected90_singleflow,50,15000.0,0.5,unicast,7,2.75,0,connected-multihop,0.9,2,4,1,2.0,1,0,0,0.0,0.04081632653061224,0.0,0.00016086249559578458,0.12042274795664898,0.9615593149113648,0.9999402237092,0.9999999999678921,0.5722448979591837,0.33877551020408164
smart-calm-static,2,20.0,1,1,0,1.0,1.0,0.0,16.037402,15.89353,16.037402,15.89353,16.037402,1,1,0,67,15,52,2,4.819712,2.188947,0.109447,1.908606,7.724086,9.632692,9.632692,4.819712,15.89353,378,2905,3283,0.115139,2588,0.788303,233,24,49,1,1,0,0,1,15,0,0.745,0.776119,0,0,0.0,1,0,1,0,sf7_15km_connected90_singleflow,50,15000.0,0.5,unicast,7,2.75,0,connected-multihop,0.9,2,4,1,2.0,1,0,0,0.0,0.02040816326530612,0.0,0.00016086249559578458,0.12042274795664898,0.9615593149113648,0.9999402237092,0.9999999999678921,0.5722448979591837,0.33877551020408164
smart-calm-no-fallback,2,20.0,1,1,0,0.0,0.0,0.0,0.0,0.0,0.0,0.0,0.0,0,0,0,51,0,51,0,3.668736,1.611239,0.080562,1.452819,5.870696,7.323516,0.0,0.0,0.0,316,2183,2499,0.126451,1935,0.77431,234,0,49,2,1,0,0,1,0,0,0.8,1.0,1,0,0.0,0,1,0,0,sf7_15km_connected90_singleflow,50,15000.0,0.5,unicast,7,2.75,0,connected-multihop,0.9,2,4,1,2.0,1,0,0,0.0,0.04081632653061224,0.0,0.00016086249559578458,0.12042274795664898,0.9615593149113648,0.9999402237092,0.9999999999678921,0.5722448979591837,0.33877551020408164
smart-calm-no-confidence,2,20.0,1,1,0,0.0,0.0,0.0,0.0,0.0,0.0,0.0,0.0,0,0,0,52,1,51,0,3.740672,1.683175,0.084159,1.481306,5.990506,7.471812,0.0,0.0,0.0,346,2202,2548,0.135793,1935,0.759419,234,0,49,2,1,0,0,1,1,0,0.8,0.980769,1,0,0.0,0,1,0,0,sf7_15km_connected90_singleflow,50,15000.0,0.5,unicast,7,2.75,0,connected-multihop,0.9,2,4,1,2.0,1,0,0,0.0,0.04081632653061224,0.0,0.00016086249559578458,0.12042274795664898,0.9615593149113648,0.9999402237092,0.9999999999678921,0.5722448979591837,0.33877551020408164
meshtastic-like,3,20.0,2,2,0,0.5,1.0,0.0,0.143872,0.558056,0.143872,0.995564,0.143872,2,1,0,29,26,3,3,2.086144,1.283523,0.064176,0.826113,3.406031,4.232144,4.232144,2.086144,0.558056,397,1024,1421,0.279381,836,0.588318,257,90,0,0,0,0,0,0,0,0,0.0,0.103448,0,0,0.0,-1,0,0,0,sf7_15km_connected90_singleflow,50,15000.0,0.5,unicast,7,2.75,0,connected-multihop,0.9,2,4,1,2.0,1,0,0,0.0,0.0,0.0,0.0006083856159344984,0.19359610885376224,0.9788711070915835,0.9999494219827115,0.999999999916479,0.5363265306122449,0.3110204081632653
meshcore-like,3,20.0,2,2,0,0.0,0.0,0.0,0.0,0.0,0.0,0.0,0.0,0,0,0,51,0,51,0,3.668736,1.117405,0.05587,1.452819,5.645747,7.098566,0.0,0.0,0.0,228,2271,2499,0.091236,1838,0.735494,168,0,49,2,1,0,0,2,0,0,0.0,1.0,0,0,0.0,-1,0,0,0,sf7_15km_connected90_singleflow,50,15000.0,0.5,unicast,7,2.75,0,connected-multihop,0.9,2,4,1,2.0,1,0,0,0.0,0.04081632653061224,0.0,0.0006083856159344984,0.19359610885376224,0.9788711070915835,0.9999494219827115,0.999999999916479,0.5363265306122449,0.3110204081632653
calm-mesh,3,20.0,2,2,0,0.0,0.0,0.0,0.0,0.0,0.0,0.0,0.0,0,0,0,50,0,50,0,3.5968,1.207343,0.060367,1.424333,5.60418,7.028513,0.0,0.0,0.0,251,2199,2450,0.102449,1817,0.741633,189,0,49,1,1,0,0,2,0,0,0.744998,1.0,0,0,0.0,-1,0,0,0,sf7_15km_connected90_singleflow,50,15000.0,0.5,unicast,7,2.75,0,connected-multihop,0.9,2,4,1,2.0,1,0,0,0.0,0.02040816326530612,0.0,0.0006083856159344984,0.19359610885376224,0.9788711070915835,0.9999494219827115,0.999999999916479,0.5363265306122449,0.3110204081632653
smart-calm,3,20.0,2,2,0,1.0,1.0,0.0,8.65968,8.515808,8.65968,14.481066,14.624938,2,2,0,60,5,55,4,4.31616,1.779394,0.08897,1.709199,6.733818,8.443018,4.221509,2.15808,8.515808,547,2393,2940,0.186054,1822,0.619728,183,0,49,2,1,1,0,2,0,0,0.796694,0.916667,1,2,1.701133,0,2,0,0,sf7_15km_connected90_singleflow,50,15000.0,0.5,unicast,7,2.75,0,connected-multihop,0.9,2,4,1,2.0,1,1,1,1.0,0.04081632653061224,2.0,0.0006083856159344984,0.19359610885376224,0.9788711070915835,0.9999494219827115,0.999999999916479,0.5363265306122449,0.3110204081632653
smart-calm-static,3,20.0,2,2,0,0.5,0.5,0.0,15.143872,15.071936,15.143872,15.071936,15.143872,1,1,0,71,20,51,1,5.107456,1.848452,0.092423,2.022553,8.017498,10.040051,10.040051,5.107456,15.071936,406,3073,3479,0.1167,2583,0.742455,265,37,49,1,1,0,0,2,20,0,0.744998,0.71831,0,0,0.0,1,0,2,0,sf7_15km_connected90_singleflow,50,15000.0,0.5,unicast,7,2.75,0,connected-multihop,0.9,2,4,1,2.0,1,0,0,0.0,0.02040816326530612,0.0,0.0006083856159344984,0.19359610885376224,0.9788711070915835,0.9999494219827115,0.999999999916479,0.5363265306122449,0.3110204081632653
smart-calm-no-fallback,3,20.0,2,2,0,1.0,1.0,0.0,8.65968,8.515808,8.65968,14.481066,14.624938,2,2,0,60,5,55,4,4.31616,1.779394,0.08897,1.709199,6.733818,8.443018,4.221509,2.15808,8.515808,547,2393,2940,0.186054,1822,0.619728,183,0,49,2,1,1,0,2,0,0,0.796694,0.916667,1,2,1.701133,0,2,0,0,sf7_15km_connected90_singleflow,50,15000.0,0.5,unicast,7,2.75,0,connected-multihop,0.9,2,4,1,2.0,1,1,1,1.0,0.04081632653061224,2.0,0.0006083856159344984,0.19359610885376224,0.9788711070915835,0.9999494219827115,0.999999999916479,0.5363265306122449,0.3110204081632653
smart-calm-no-confidence,3,20.0,2,2,0,0.5,0.5,0.0,2.031616,1.887744,2.031616,1.887744,2.031616,1,1,0,57,4,53,2,4.100352,1.563586,0.078179,1.623739,6.374388,7.998127,7.998127,4.100352,1.887744,464,2329,2793,0.16613,1819,0.651271,182,0,49,2,1,1,0,2,0,0,0.727639,0.929825,1,1,0.937603,0,2,0,0,sf7_15km_connected90_singleflow,50,15000.0,0.5,unicast,7,2.75,0,connected-multihop,0.9,2,4,1,2.0,1,1,1,1.0,0.04081632653061224,2.0,0.0006083856159344984,0.19359610885376224,0.9788711070915835,0.9999494219827115,0.999999999916479,0.5363265306122449,0.3110204081632653
meshtastic-like,4,20.0,1,1,0,0.0,1.0,0.0,0.0,1.564375,0.0,1.564375,0.0,1,0,0,13,11,2,2,0.935168,0.816576,0.040829,0.370327,1.550196,1.920523,0.0,0.0,1.564375,292,345,637,0.458399,123,0.193093,179,45,0,0,0,0,0,0,0,0,0.0,0.153846,0,0,0.0,-1,0,0,0,sf7_15km_connected90_singleflow,50,15000.0,0.5,unicast,7,2.75,0,connected-multihop,0.9,2,4,1,2.0,1,0,0,0.0,0.0,0.0,0.00010721307469971633,0.062019042666890095,0.9398309086977615,0.9999664602671114,0.9999999999273879,0.5689795918367347,0.3689795918367347
meshcore-like,4,20.0,1,1,0,0.0,0.0,0.0,0.0,0.0,0.0,0.0,0.0,0,0,0,51,0,51,0,3.668736,1.606672,0.080334,1.452819,5.83891,7.291729,0.0,0.0,0.0,297,2202,2499,0.118848,1924,0.769908,201,0,49,2,1,0,0,1,0,0,0.0,1.0,0,0,0.0,-1,0,0,0,sf7_15km_connected90_singleflow,50,15000.0,0.5,unicast,7,2.75,0,connected-multihop,0.9,2,4,1,2.0,1,0,0,0.0,0.04081632653061224,0.0,0.00010721307469971633,0.062019042666890095,0.9398309086977615,0.9999664602671114,0.9999999999273879,0.5689795918367347,0.3689795918367347
calm-mesh,4,20.0,1,1,0,0.0,0.0,0.0,0.0,0.0,0.0,0.0,0.0,0,0,0,52,0,52,0,3.740672,1.665914,0.083296,1.481306,5.990506,7.471812,0.0,0.0,0.0,294,2254,2548,0.115385,1975,0.775118,189,0,49,3,1,0,0,1,0,0,0.202791,1.0,0,0,0.0,-1,0,0,0,sf7_15km_connected90_singleflow,50,15000.0,0.5,unicast,7,2.75,0,connected-multihop,0.9,2,4,1,2.0,1,0,0,0.0,0.061224489795918366,0.0,0.00010721307469971633,0.062019042666890095,0.9398309086977615,0.9999664602671114,0.9999999999273879,0.5689795918367347,0.3689795918367347
smart-calm,4,20.0,1,1,0,0.0,0.0,0.0,0.0,0.0,0.0,0.0,0.0,0,0,0,52,1,51,0,3.740672,1.524224,0.076211,1.481306,5.924489,7.405795,0.0,0.0,0.0,271,2277,2548,0.106358,1934,0.759027,171,0,49,2,1,0,0,1,1,0,0.799714,0.980769,1,0,0.0,0,1,0,0,sf7_15km_connected90_singleflow,50,15000.0,0.5,unicast,7,2.75,0,connected-multihop,0.9,2,4,1,2.0,1,0,0,0.0,0.04081632653061224,0.0,0.00010721307469971633,0.062019042666890095,0.9398309086977615,0.9999664602671114,0.9999999999273879,0.5689795918367347,0.3689795918367347
smart-calm-static,4,20.0,1,1,0,0.0,1.0,0.0,0.0,15.789055,0.0,15.789055,0.0,1,0,0,61,8,53,1,4.388096,2.109991,0.1055,1.737686,7.054127,8.791813,0.0,0.0,15.789055,414,2575,2989,0.138508,2237,0.748411,251,20,49,3,1,0,0,1,8,0,0.202791,0.868852,0,0,0.0,1,0,1,0,sf7_15km_connected90_singleflow,50,15000.0,0.5,unicast,7,2.75,0,connected-multihop,0.9,2,4,1,2.0,1,0,0,0.0,0.061224489795918366,0.0,0.00010721307469971633,0.062019042666890095,0.9398309086977615,0.9999664602671114,0.9999999999273879,0.5689795918367347,0.3689795918367347
smart-calm-no-fallback,4,20.0,1,1,0,0.0,0.0,0.0,0.0,0.0,0.0,0.0,0.0,0,0,0,51,0,51,0,3.668736,1.452288,0.072614,1.452819,5.804678,7.257498,0.0,0.0,0.0,248,2251,2499,0.09924,1934,0.77391,171,0,49,2,1,0,0,1,0,0,0.799714,1.0,1,0,0.0,0,1,0,0,sf7_15km_connected90_singleflow,50,15000.0,0.5,unicast,7,2.75,0,connected-multihop,0.9,2,4,1,2.0,1,0,0,0.0,0.04081632653061224,0.0,0.00010721307469971633,0.062019042666890095,0.9398309086977615,0.9999664602671114,0.9999999999273879,0.5689795918367347,0.3689795918367347
smart-calm-no-confidence,4,20.0,1,1,0,0.0,0.0,0.0,0.0,0.0,0.0,0.0,0.0,0,0,0,52,1,51,0,3.740672,1.524224,0.076211,1.481306,5.924489,7.405795,0.0,0.0,0.0,265,2283,2548,0.104003,1939,0.760989,170,0,49,2,1,0,0,1,1,0,0.257791,0.980769,1,0,0.0,0,1,0,0,sf7_15km_connected90_singleflow,50,15000.0,0.5,unicast,7,2.75,0,connected-multihop,0.9,2,4,1,2.0,1,0,0,0.0,0.04081632653061224,0.0,0.00010721307469971633,0.062019042666890095,0.9398309086977615,0.9999664602671114,0.9999999999273879,0.5689795918367347,0.3689795918367347
meshtastic-like,5,20.0,1,1,0,0.0,1.0,0.0,0.0,0.071936,0.0,0.071936,0.0,1,0,0,15,14,1,1,1.07904,0.708097,0.035405,0.4273,1.76292,2.19022,0.0,0.0,0.071936,217,518,735,0.295238,420,0.571429,138,46,0,0,0,0,0,0,0,0,0.0,0.066667,0,0,0.0,-1,0,0,0,sf7_15km_connected90_singleflow,50,15000.0,0.5,unicast,7,2.75,0,connected-multihop,0.9,2,4,1,2.0,1,0,0,0.0,0.0,0.0,0.00010711304300321068,0.06900627326187887,0.9489984284749405,0.9999569579892038,0.999999999956876,0.5730612244897959,0.35183673469387755
meshcore-like,5,20.0,1,1,0,0.0,0.0,0.0,0.0,0.0,0.0,0.0,0.0,0,0,0,50,0,50,0,3.5968,1.129626,0.056481,1.424333,5.538162,6.962495,0.0,0.0,0.0,242,2208,2450,0.098776,1793,0.731837,158,0,49,1,1,0,0,1,0,0,0.0,1.0,0,0,0.0,-1,0,0,0,sf7_15km_connected90_singleflow,50,15000.0,0.5,unicast,7,2.75,0,connected-multihop,0.9,2,4,1,2.0,1,0,0,0.0,0.02040816326530612,0.0,0.00010711304300321068,0.06900627326187887,0.9489984284749405,0.9999569579892038,0.999999999956876,0.5730612244897959,0.35183673469387755
calm-mesh,5,20.0,1,1,0,1.0,1.0,0.0,2.431616,2.287744,2.431616,2.287744,2.431616,1,1,0,55,2,53,2,3.95648,1.52419,0.076209,1.566766,6.191005,7.757771,7.757771,3.95648,2.287744,356,2339,2695,0.132096,1919,0.712059,133,0,49,2,1,1,0,1,0,0,0.794993,0.963636,0,0,0.0,-1,0,0,0,sf7_15km_connected90_singleflow,50,15000.0,0.5,unicast,7,2.75,0,connected-multihop,0.9,2,4,1,2.0,1,1,1,1.0,0.04081632653061224,2.0,0.00010711304300321068,0.06900627326187887,0.9489984284749405,0.9999569579892038,0.999999999956876,0.5730612244897959,0.35183673469387755
smart-calm,5,20.0,1,1,0,1.0,1.0,0.0,15.143872,15.071936,15.143872,15.071936,15.143872,1,1,0,52,1,51,1,3.740672,1.34671,0.067336,1.481306,5.770447,7.251753,7.251753,3.740672,15.071936,297,2251,2548,0.116562,1804,0.708006,152,0,49,1,1,0,0,1,1,0,0.799744,0.980769,1,1,0.646102,0,1,0,0,sf7_15km_connected90_singleflow,50,15000.0,0.5,unicast,7,2.75,0,connected-multihop,0.9,2,4,1,2.0,1,0,0,0.0,0.02040816326530612,0.0,0.00010711304300321068,0.06900627326187887,0.9489984284749405,0.9999569579892038,0.999999999956876,0.5730612244897959,0.35183673469387755
smart-calm-static,5,20.0,1,1,0,1.0,1.0,0.0,2.431616,2.287744,2.431616,2.287744,2.431616,1,1,0,55,2,53,2,3.95648,1.52419,0.076209,1.566766,6.191005,7.757771,7.757771,3.95648,2.287744,356,2339,2695,0.132096,1919,0.712059,133,0,49,2,1,1,0,1,0,0,0.794993,0.963636,0,0,0.0,1,0,1,0,sf7_15km_connected90_singleflow,50,15000.0,0.5,unicast,7,2.75,0,connected-multihop,0.9,2,4,1,2.0,1,1,1,1.0,0.04081632653061224,2.0,0.00010711304300321068,0.06900627326187887,0.9489984284749405,0.9999569579892038,0.999999999956876,0.5730612244897959,0.35183673469387755
smart-calm-no-fallback,5,20.0,1,1,0,0.0,0.0,0.0,0.0,0.0,0.0,0.0,0.0,0,0,0,50,0,50,0,3.5968,1.202838,0.060142,1.424333,5.530827,6.955159,0.0,0.0,0.0,228,2222,2450,0.093061,1804,0.736327,152,0,49,1,1,0,0,1,0,0,0.799744,1.0,1,0,0.0,0,1,0,0,sf7_15km_connected90_singleflow,50,15000.0,0.5,unicast,7,2.75,0,connected-multihop,0.9,2,4,1,2.0,1,0,0,0.0,0.02040816326530612,0.0,0.00010711304300321068,0.06900627326187887,0.9489984284749405,0.9999569579892038,0.999999999956876,0.5730612244897959,0.35183673469387755
smart-calm-no-confidence,5,20.0,1,1,0,1.0,1.0,0.0,15.143872,15.071936,15.143872,15.071936,15.143872,1,1,0,52,1,51,1,3.740672,1.34671,0.067336,1.481306,5.770447,7.251753,7.251753,3.740672,15.071936,297,2251,2548,0.116562,1804,0.708006,152,0,49,1,1,0,0,1,1,0,0.518862,0.980769,1,1,0.623632,0,1,0,0,sf7_15km_connected90_singleflow,50,15000.0,0.5,unicast,7,2.75,0,connected-multihop,0.9,2,4,1,2.0,1,0,0,0.0,0.02040816326530612,0.0,0.00010711304300321068,0.06900627326187887,0.9489984284749405,0.9999569579892038,0.999999999956876,0.5730612244897959,0.35183673469387755
meshtastic-like,6,20.0,2,2,0,0.0,1.0,0.0,0.0,0.526713,0.0,0.936013,0.0,2,0,0,15,13,2,2,1.07904,1.005742,0.050287,0.4273,1.789817,2.217116,0.0,0.0,0.526713,360,375,735,0.489796,185,0.251701,209,87,0,0,0,0,0,0,0,0,0.0,0.133333,0,0,0.0,-1,0,0,0,sf7_15km_connected90_singleflow,50,15000.0,0.5,unicast,7,2.75,0,connected-multihop,0.9,2,4,1,2.0,1,0,0,0.0,0.0,0.0,0.0002214428874110822,0.13685947178757818,0.9785413087429581,0.9999716720776711,0.9999999999166334,0.5346938775510204,0.32326530612244897
meshcore-like,6,20.0,2,2,0,0.0,0.0,0.0,0.0,0.0,0.0,0.0,0.0,0,0,0,50,0,50,0,3.5968,1.980487,0.099024,1.424333,5.799788,7.224121,0.0,0.0,0.0,465,1985,2450,0.189796,1679,0.685306,355,0,49,1,1,0,0,2,0,0,0.0,1.0,0,0,0.0,-1,0,0,0,sf7_15km_connected90_singleflow,50,15000.0,0.5,unicast,7,2.75,0,connected-multihop,0.9,2,4,1,2.0,1,0,0,0.0,0.02040816326530612,0.0,0.0002214428874110822,0.13685947178757818,0.9785413087429581,0.9999716720776711,0.9999999999166334,0.5346938775510204,0.32326530612244897
calm-mesh,6,20.0,2,2,0,0.0,0.0,0.0,0.0,0.0,0.0,0.0,0.0,0,0,0,50,0,50,0,3.5968,1.859344,0.092967,1.424333,5.782672,7.207005,0.0,0.0,0.0,417,2033,2450,0.170204,1763,0.719592,332,0,49,1,1,0,0,2,0,0,0.898626,1.0,0,0,0.0,-1,0,0,0,sf7_15km_connected90_singleflow,50,15000.0,0.5,unicast,7,2.75,0,connected-multihop,0.9,2,4,1,2.0,1,0,0,0.0,0.02040816326530612,0.0,0.0002214428874110822,0.13685947178757818,0.9785413087429581,0.9999716720776711,0.9999999999166334,0.5346938775510204,0.32326530612244897
smart-calm,6,20.0,2,2,0,1.0,1.0,0.0,7.787744,7.643872,7.787744,14.393872,14.537744,2,2,0,60,5,55,4,4.31616,2.328337,0.116417,1.709199,6.944097,8.653297,4.326648,2.15808,7.643872,650,2290,2940,0.221088,1906,0.648299,276,0,49,2,1,1,1,1,0,0,0.799591,0.916667,1,2,1.736454,0,2,0,0,sf7_15km_connected90_singleflow,50,15000.0,0.5,unicast,7,2.75,0,connected-multihop,0.9,2,4,1,2.0,1,1,1,1.0,0.04081632653061224,2.0,0.0002214428874110822,0.13685947178757818,0.9785413087429581,0.9999716720776711,0.9999999999166334,0.5346938775510204,0.32326530612244897
smart-calm-static,6,20.0,2,2,0,0.0,0.5,0.0,0.0,15.60496,0.0,15.60496,0.0,1,0,0,60,8,52,2,4.31616,2.306195,0.11531,1.709199,6.961213,8.670412,0.0,0.0,15.60496,545,2395,2940,0.185374,2058,0.7,383,18,49,1,1,0,0,2,8,0,0.898626,0.866667,0,0,0.0,1,0,2,0,sf7_15km_connected90_singleflow,50,15000.0,0.5,unicast,7,2.75,0,connected-multihop,0.9,2,4,1,2.0,1,0,0,0.0,0.02040816326530612,0.0,0.0002214428874110822,0.13685947178757818,0.9785413087429581,0.9999716720776711,0.9999999999166334,0.5346938775510204,0.32326530612244897
smart-calm-no-fallback,6,20.0,2,2,0,1.0,1.0,0.0,7.787744,7.643872,7.787744,14.393872,14.537744,2,2,0,60,5,55,4,4.31616,2.328337,0.116417,1.709199,6.944097,8.653297,4.326648,2.15808,7.643872,650,2290,2940,0.221088,1906,0.648299,276,0,49,2,1,1,1,1,0,0,0.799591,0.916667,1,2,1.736454,0,2,0,0,sf7_15km_connected90_singleflow,50,15000.0,0.5,unicast,7,2.75,0,connected-multihop,0.9,2,4,1,2.0,1,1,1,1.0,0.04081632653061224,2.0,0.0002214428874110822,0.13685947178757818,0.9785413087429581,0.9999716720776711,0.9999999999166334,0.5346938775510204,0.32326530612244897
smart-calm-no-confidence,6,20.0,2,2,0,0.0,0.5,0.0,0.0,15.071936,0.0,15.071936,0.0,1,0,0,52,1,51,1,3.740672,1.863598,0.09318,1.481306,6.007622,7.488928,0.0,0.0,15.071936,419,2129,2548,0.164443,1831,0.718603,276,0,49,1,1,0,0,2,1,0,0.493495,0.980769,1,0,0.0,0,2,0,0,sf7_15km_connected90_singleflow,50,15000.0,0.5,unicast,7,2.75,0,connected-multihop,0.9,2,4,1,2.0,1,0,0,0.0,0.02040816326530612,0.0,0.0002214428874110822,0.13685947178757818,0.9785413087429581,0.9999716720776711,0.9999999999166334,0.5346938775510204,0.32326530612244897
meshtastic-like,7,20.0,1,1,0,0.0,1.0,0.0,0.0,1.118697,0.0,1.118697,0.0,1,0,0,25,23,2,2,1.7984,0.903566,0.045178,0.712166,2.860772,3.572939,0.0,0.0,1.118697,188,1037,1225,0.153469,891,0.727347,117,44,0,0,0,0,0,0,0,0,0.0,0.08,0,0,0.0,-1,0,0,0,sf7_15km_connected90_singleflow,50,15000.0,0.5,unicast,7,2.75,0,connected-multihop,0.9,2,4,1,2.0,1,0,0,0.0,0.0,0.0,0.00014660439130281756,0.20726413012680023,0.9852456636622906,0.9999676687176609,0.999999999830197,0.52,0.32326530612244897
meshcore-like,7,20.0,1,1,0,0.0,0.0,0.0,0.0,0.0,0.0,0.0,0.0,0,0,0,50,0,50,0,3.5968,1.276317,0.063816,1.424333,5.550388,6.97472,0.0,0.0,0.0,301,2149,2450,0.122857,1667,0.680408,217,0,49,1,1,0,0,1,0,0,0.0,1.0,0,0,0.0,-1,0,0,0,sf7_15km_connected90_singleflow,50,15000.0,0.5,unicast,7,2.75,0,connected-multihop,0.9,2,4,1,2.0,1,0,0,0.0,0.02040816326530612,0.0,0.00014660439130281756,0.20726413012680023,0.9852456636622906,0.9999676687176609,0.999999999830197,0.52,0.32326530612244897
calm-mesh,7,20.0,1,1,0,0.0,1.0,0.0,0.0,3.892581,0.0,3.892581,0.0,1,0,0,75,23,52,3,5.3952,2.117919,0.105896,2.136499,8.428276,10.564775,0.0,0.0,3.892581,464,3211,3675,0.126259,2597,0.706667,283,44,49,0,1,0,0,1,23,1,0.0,0.693333,0,0,0.0,-1,0,0,0,sf7_15km_connected90_singleflow,50,15000.0,0.5,unicast,7,2.75,0,connected-multihop,0.9,2,4,1,2.0,1,0,0,0.0,0.0,0.0,0.00014660439130281756,0.20726413012680023,0.9852456636622906,0.9999676687176609,0.999999999830197,0.52,0.32326530612244897
smart-calm,7,20.0,1,1,0,0.0,1.0,0.0,0.0,2.26362,0.0,2.26362,0.0,1,0,0,66,16,50,1,4.747776,1.927353,0.096368,1.880119,7.403777,9.283896,0.0,0.0,2.26362,414,2820,3234,0.128015,2238,0.692022,307,45,49,0,1,0,0,1,16,1,0.0,0.757576,1,1,-1.215,0,1,0,0,sf7_15km_connected90_singleflow,50,15000.0,0.5,unicast,7,2.75,0,connected-multihop,0.9,2,4,1,2.0,1,0,0,0.0,0.0,0.0,0.00014660439130281756,0.20726413012680023,0.9852456636622906,0.9999676687176609,0.999999999830197,0.52,0.32326530612244897
smart-calm-static,7,20.0,1,1,0,0.0,1.0,0.0,0.0,3.892581,0.0,3.892581,0.0,1,0,0,75,23,52,3,5.3952,2.117919,0.105896,2.136499,8.428276,10.564775,0.0,0.0,3.892581,464,3211,3675,0.126259,2597,0.706667,283,44,49,0,1,0,0,1,23,1,0.0,0.693333,0,0,0.0,1,0,1,0,sf7_15km_connected90_singleflow,50,15000.0,0.5,unicast,7,2.75,0,connected-multihop,0.9,2,4,1,2.0,1,0,0,0.0,0.0,0.0,0.00014660439130281756,0.20726413012680023,0.9852456636622906,0.9999676687176609,0.999999999830197,0.52,0.32326530612244897
smart-calm-no-fallback,7,20.0,1,1,0,0.0,0.0,0.0,0.0,0.0,0.0,0.0,0.0,0,0,0,49,0,49,0,3.524864,1.139522,0.056976,1.395846,5.411017,6.806863,0.0,0.0,0.0,251,2150,2401,0.10454,1661,0.691795,194,0,49,0,1,0,0,1,0,1,0.0,1.0,1,0,0.0,0,1,0,0,sf7_15km_connected90_singleflow,50,15000.0,0.5,unicast,7,2.75,0,connected-multihop,0.9,2,4,1,2.0,1,0,0,0.0,0.0,0.0,0.00014660439130281756,0.20726413012680023,0.9852456636622906,0.9999676687176609,0.999999999830197,0.52,0.32326530612244897
smart-calm-no-confidence,7,20.0,1,1,0,0.0,1.0,0.0,0.0,2.26362,0.0,2.26362,0.0,1,0,0,66,16,50,1,4.747776,1.927353,0.096368,1.880119,7.403777,9.283896,0.0,0.0,2.26362,414,2820,3234,0.128015,2238,0.692022,307,45,49,0,1,0,0,1,16,1,0.0,0.757576,1,1,-1.215,0,1,0,0,sf7_15km_connected90_singleflow,50,15000.0,0.5,unicast,7,2.75,0,connected-multihop,0.9,2,4,1,2.0,1,0,0,0.0,0.0,0.0,0.00014660439130281756,0.20726413012680023,0.9852456636622906,0.9999676687176609,0.999999999830197,0.52,0.32326530612244897
meshtastic-like,8,20.0,1,1,0,0.0,1.0,0.0,0.0,0.071936,0.0,0.071936,0.0,1,0,0,8,7,1,1,0.575488,0.524961,0.026248,0.227893,0.956036,1.183929,0.0,0.0,0.071936,230,162,392,0.586735,65,0.165816,149,46,0,0,0,0,0,0,0,0,0.0,0.125,0,0,0.0,-1,0,0,0,sf7_15km_connected90_singleflow,50,15000.0,0.5,unicast,7,2.75,0,connected-multihop,0.9,2,4,1,2.0,1,0,0,0.0,0.0,0.0,0.0004499938114589749,0.2681528720352514,0.9878314683708818,0.999972172843223,0.9999999997336875,0.5134693877551021,0.2938775510204082
meshcore-like,8,20.0,1,1,0,0.0,0.0,0.0,0.0,0.0,0.0,0.0,0.0,0,0,0,50,0,50,0,3.5968,1.569876,0.078494,1.424333,5.72399,7.148323,0.0,0.0,0.0,324,2126,2450,0.132245,1830,0.746939,230,0,49,1,1,0,0,1,0,0,0.0,1.0,0,0,0.0,-1,0,0,0,sf7_15km_connected90_singleflow,50,15000.0,0.5,unicast,7,2.75,0,connected-multihop,0.9,2,4,1,2.0,1,0,0,0.0,0.02040816326530612,0.0,0.0004499938114589749,0.2681528720352514,0.9878314683708818,0.999972172843223,0.9999999997336875,0.5134693877551021,0.2938775510204082
calm-mesh,8,20.0,1,1,0,0.0,0.0,0.0,0.0,0.0,0.0,0.0,0.0,0,0,0,50,0,50,0,3.5968,1.572593,0.07863,1.424333,5.699539,7.123872,0.0,0.0,0.0,376,2074,2450,0.153469,1738,0.709388,300,0,49,1,1,0,0,1,0,0,0.790757,1.0,0,0,0.0,-1,0,0,0,sf7_15km_connected90_singleflow,50,15000.0,0.5,unicast,7,2.75,0,connected-multihop,0.9,2,4,1,2.0,1,0,0,0.0,0.02040816326530612,0.0,0.0004499938114589749,0.2681528720352514,0.9878314683708818,0.999972172843223,0.9999999997336875,0.5134693877551021,0.2938775510204082
smart-calm,8,20.0,1,1,0,0.0,0.0,0.0,0.0,0.0,0.0,0.0,0.0,0,0,0,52,1,51,0,3.740672,1.504665,0.075233,1.481306,5.926934,7.40824,0.0,0.0,0.0,257,2291,2548,0.100863,1988,0.78022,151,0,49,2,1,0,0,1,1,0,0.756254,0.980769,1,0,0.0,0,1,0,0,sf7_15km_connected90_singleflow,50,15000.0,0.5,unicast,7,2.75,0,connected-multihop,0.9,2,4,1,2.0,1,0,0,0.0,0.04081632653061224,0.0,0.0004499938114589749,0.2681528720352514,0.9878314683708818,0.999972172843223,0.9999999997336875,0.5134693877551021,0.2938775510204082
smart-calm-static,8,20.0,1,1,0,0.0,1.0,0.0,0.0,15.071936,0.0,15.071936,0.0,1,0,0,67,16,51,1,4.819712,2.230413,0.111521,1.908606,7.684964,9.59357,0.0,0.0,15.071936,526,2757,3283,0.160219,2350,0.715809,366,25,49,1,1,0,0,1,16,0,0.790757,0.761194,0,0,0.0,1,0,1,0,sf7_15km_connected90_singleflow,50,15000.0,0.5,unicast,7,2.75,0,connected-multihop,0.9,2,4,1,2.0,1,0,0,0.0,0.02040816326530612,0.0,0.0004499938114589749,0.2681528720352514,0.9878314683708818,0.999972172843223,0.9999999997336875,0.5134693877551021,0.2938775510204082
smart-calm-no-fallback,8,20.0,1,1,0,0.0,0.0,0.0,0.0,0.0,0.0,0.0,0.0,0,0,0,51,0,51,0,3.668736,1.432729,0.071636,1.452819,5.807124,7.259943,0.0,0.0,0.0,225,2274,2499,0.090036,1988,0.795518,151,0,49,2,1,0,0,1,0,0,0.756254,1.0,1,0,0.0,0,1,0,0,sf7_15km_connected90_singleflow,50,15000.0,0.5,unicast,7,2.75,0,connected-multihop,0.9,2,4,1,2.0,1,0,0,0.0,0.04081632653061224,0.0,0.0004499938114589749,0.2681528720352514,0.9878314683708818,0.999972172843223,0.9999999997336875,0.5134693877551021,0.2938775510204082
smart-calm-no-confidence,8,20.0,1,1,0,1.0,1.0,0.0,15.143872,15.071936,15.143872,15.071936,15.143872,1,1,0,52,1,51,1,3.740672,1.540401,0.07702,1.481306,5.931824,7.41313,7.41313,3.740672,15.071936,291,2257,2548,0.114207,1941,0.761774,157,0,49,1,1,0,0,1,1,0,0.478387,0.980769,1,1,0.620393,0,1,0,0,sf7_15km_connected90_singleflow,50,15000.0,0.5,unicast,7,2.75,0,connected-multihop,0.9,2,4,1,2.0,1,0,0,0.0,0.02040816326530612,0.0,0.0004499938114589749,0.2681528720352514,0.9878314683708818,0.999972172843223,0.9999999997336875,0.5134693877551021,0.2938775510204082
meshtastic-like,9,20.0,1,1,0,0.0,1.0,0.0,0.0,1.067168,0.0,1.067168,0.0,1,0,0,9,7,2,2,0.647424,0.575488,0.028774,0.25638,1.073401,1.329781,0.0,0.0,1.067168,239,202,441,0.54195,95,0.21542,155,45,0,0,0,0,0,0,0,0,0.0,0.222222,0,0,0.0,-1,0,0,0,sf7_15km_connected90_singleflow,50,15000.0,0.5,unicast,7,2.75,0,connected-multihop,0.9,2,4,1,2.0,1,0,0,0.0,0.0,0.0,0.00015682240427974036,0.09133431926194398,0.9674936575062946,0.9999363977950214,0.9999999997412788,0.5518367346938775,0.35918367346938773
meshcore-like,9,20.0,1,1,0,0.0,0.0,0.0,0.0,0.0,0.0,0.0,0.0,0,0,0,50,0,50,0,3.5968,1.594302,0.079715,1.424333,5.726435,7.150768,0.0,0.0,0.0,319,2131,2450,0.130204,1805,0.736735,255,0,49,1,1,0,0,1,0,0,0.0,1.0,0,0,0.0,-1,0,0,0,sf7_15km_connected90_singleflow,50,15000.0,0.5,unicast,7,2.75,0,connected-multihop,0.9,2,4,1,2.0,1,0,0,0.0,0.02040816326530612,0.0,0.00015682240427974036,0.09133431926194398,0.9674936575062946,0.9999363977950214,0.9999999997412788,0.5518367346938775,0.35918367346938773
calm-mesh,9,20.0,1,1,0,1.0,1.0,0.0,2.431616,2.287744,2.431616,2.287744,2.431616,1,1,0,55,2,53,2,3.95648,1.796732,0.089837,1.566766,6.288809,7.855575,7.855575,3.95648,2.287744,484,2211,2695,0.179592,1810,0.671614,251,0,49,2,1,1,0,1,0,0,0.794877,0.963636,0,0,0.0,-1,0,0,0,sf7_15km_connected90_singleflow,50,15000.0,0.5,unicast,7,2.75,0,connected-multihop,0.9,2,4,1,2.0,1,1,1,1.0,0.04081632653061224,2.0,0.00015682240427974036,0.09133431926194398,0.9674936575062946,0.9999363977950214,0.9999999997412788,0.5518367346938775,0.35918367346938773
smart-calm,9,20.0,1,1,0,0.0,0.0,0.0,0.0,0.0,0.0,0.0,0.0,0,0,0,51,1,50,0,3.668736,1.682891,0.084145,1.452819,5.856026,7.308845,0.0,0.0,0.0,328,2171,2499,0.131253,1914,0.765906,227,0,49,1,1,0,0,1,1,0,0.799877,0.980392,1,0,0.0,0,1,0,0,sf7_15km_connected90_singleflow,50,15000.0,0.5,unicast,7,2.75,0,connected-multihop,0.9,2,4,1,2.0,1,0,0,0.0,0.02040816326530612,0.0,0.00015682240427974036,0.09133431926194398,0.9674936575062946,0.9999363977950214,0.9999999997412788,0.5518367346938775,0.35918367346938773
smart-calm-static,9,20.0,1,1,0,1.0,1.0,0.0,2.431616,2.287744,2.431616,2.287744,2.431616,1,1,0,55,2,53,2,3.95648,1.796732,0.089837,1.566766,6.288809,7.855575,7.855575,3.95648,2.287744,484,2211,2695,0.179592,1810,0.671614,251,0,49,2,1,1,0,1,0,0,0.794877,0.963636,0,0,0.0,1,0,1,0,sf7_15km_connected90_singleflow,50,15000.0,0.5,unicast,7,2.75,0,connected-multihop,0.9,2,4,1,2.0,1,1,1,1.0,0.04081632653061224,2.0,0.00015682240427974036,0.09133431926194398,0.9674936575062946,0.9999363977950214,0.9999999997412788,0.5518367346938775,0.35918367346938773
smart-calm-no-fallback,9,20.0,1,1,0,0.0,0.0,0.0,0.0,0.0,0.0,0.0,0.0,0,0,0,50,0,50,0,3.5968,1.610955,0.080548,1.424333,5.736215,7.160548,0.0,0.0,0.0,296,2154,2450,0.120816,1914,0.781224,227,0,49,1,1,0,0,1,0,0,0.799877,1.0,1,0,0.0,0,1,0,0,sf7_15km_connected90_singleflow,50,15000.0,0.5,unicast,7,2.75,0,connected-multihop,0.9,2,4,1,2.0,1,0,0,0.0,0.02040816326530612,0.0,0.00015682240427974036,0.09133431926194398,0.9674936575062946,0.9999363977950214,0.9999999997412788,0.5518367346938775,0.35918367346938773
smart-calm-no-confidence,9,20.0,1,1,0,0.0,0.0,0.0,0.0,0.0,0.0,0.0,0.0,0,0,0,51,1,50,0,3.668736,1.682891,0.084145,1.452819,5.856026,7.308845,0.0,0.0,0.0,328,2171,2499,0.131253,1914,0.765906,227,0,49,1,1,0,0,1,1,0,0.799877,0.980392,1,0,0.0,0,1,0,0,sf7_15km_connected90_singleflow,50,15000.0,0.5,unicast,7,2.75,0,connected-multihop,0.9,2,4,1,2.0,1,0,0,0.0,0.02040816326530612,0.0,0.00015682240427974036,0.09133431926194398,0.9674936575062946,0.9999363977950214,0.9999999997412788,0.5518367346938775,0.35918367346938773
meshtastic-like,10,20.0,1,1,0,0.0,1.0,0.0,0.0,0.071936,0.0,0.071936,0.0,1,0,0,6,5,1,1,0.431616,0.431616,0.021581,0.17092,0.718861,0.889781,0.0,0.0,0.071936,183,111,294,0.622449,0,0.0,98,45,0,0,0,0,0,0,0,0,0.0,0.166667,0,0,0.0,-1,0,0,0,sf7_15km_connected90_singleflow,50,15000.0,0.5,unicast,7,2.75,0,connected-multihop,0.9,2,4,1,2.0,1,0,0,0.0,0.0,0.0,0.000873328529333826,0.38630740601515573,0.9904326476783794,0.9999836544691629,0.9999999999633351,0.4995918367346939,0.2710204081632653
meshcore-like,10,20.0,1,1,0,0.0,0.0,0.0,0.0,0.0,0.0,0.0,0.0,0,0,0,50,0,50,0,3.5968,1.556629,0.077831,1.424333,5.745996,7.170329,0.0,0.0,0.0,318,2132,2450,0.129796,1859,0.758776,220,0,49,1,1,0,0,1,0,0,0.0,1.0,0,0,0.0,-1,0,0,0,sf7_15km_connected90_singleflow,50,15000.0,0.5,unicast,7,2.75,0,connected-multihop,0.9,2,4,1,2.0,1,0,0,0.0,0.02040816326530612,0.0,0.000873328529333826,0.38630740601515573,0.9904326476783794,0.9999836544691629,0.9999999999633351,0.4995918367346939,0.2710204081632653
calm-mesh,10,20.0,1,1,0,0.0,0.0,0.0,0.0,0.0,0.0,0.0,0.0,0,0,0,50,0,50,0,3.5968,1.722946,0.086147,1.424333,5.760667,7.184999,0.0,0.0,0.0,354,2096,2450,0.14449,1794,0.732245,282,0,49,1,1,0,0,1,0,0,0.769964,1.0,0,0,0.0,-1,0,0,0,sf7_15km_connected90_singleflow,50,15000.0,0.5,unicast,7,2.75,0,connected-multihop,0.9,2,4,1,2.0,1,0,0,0.0,0.02040816326530612,0.0,0.000873328529333826,0.38630740601515573,0.9904326476783794,0.9999836544691629,0.9999999999633351,0.4995918367346939,0.2710204081632653
smart-calm,10,20.0,1,1,0,1.0,1.0,0.0,15.143872,15.071936,15.143872,15.071936,15.143872,1,1,0,54,1,53,1,3.884544,1.847195,0.09236,1.538279,6.222791,7.761071,7.761071,3.884544,15.071936,443,2203,2646,0.167423,1885,0.712396,284,0,49,3,1,0,0,1,1,0,0.76,0.981481,1,1,0.642923,0,1,0,0,sf7_15km_connected90_singleflow,50,15000.0,0.5,unicast,7,2.75,0,connected-multihop,0.9,2,4,1,2.0,1,0,0,0.0,0.061224489795918366,0.0,0.000873328529333826,0.38630740601515573,0.9904326476783794,0.9999836544691629,0.9999999999633351,0.4995918367346939,0.2710204081632653
smart-calm-static,10,20.0,1,1,0,0.0,1.0,0.0,0.0,15.071936,0.0,15.071936,0.0,1,0,0,63,12,51,1,4.531968,2.234799,0.11174,1.794659,7.257071,9.05173,0.0,0.0,15.071936,507,2580,3087,0.164237,2181,0.706511,353,25,49,1,1,0,0,1,12,0,0.769964,0.809524,0,0,0.0,1,0,1,0,sf7_15km_connected90_singleflow,50,15000.0,0.5,unicast,7,2.75,0,connected-multihop,0.9,2,4,1,2.0,1,0,0,0.0,0.02040816326530612,0.0,0.000873328529333826,0.38630740601515573,0.9904326476783794,0.9999836544691629,0.9999999999633351,0.4995918367346939,0.2710204081632653
smart-calm-no-fallback,10,20.0,1,1,0,0.0,0.0,0.0,0.0,0.0,0.0,0.0,0.0,0,0,0,52,0,52,0,3.740672,1.703323,0.085166,1.481306,5.983171,7.464477,0.0,0.0,0.0,379,2169,2548,0.148744,1885,0.739796,284,0,49,3,1,0,0,1,0,0,0.76,1.0,1,0,0.0,0,1,0,0,sf7_15km_connected90_singleflow,50,15000.0,0.5,unicast,7,2.75,0,connected-multihop,0.9,2,4,1,2.0,1,0,0,0.0,0.061224489795918366,0.0,0.000873328529333826,0.38630740601515573,0.9904326476783794,0.9999836544691629,0.9999999999633351,0.4995918367346939,0.2710204081632653
smart-calm-no-confidence,10,20.0,1,1,0,0.0,0.0,0.0,0.0,0.0,0.0,0.0,0.0,0,0,0,51,1,50,0,3.668736,1.775259,0.088763,1.452819,5.880477,7.333296,0.0,0.0,0.0,400,2099,2499,0.160064,1808,0.723489,294,0,49,1,1,0,0,1,1,0,0.663305,0.980392,1,0,0.0,0,1,0,0,sf7_15km_connected90_singleflow,50,15000.0,0.5,unicast,7,2.75,0,connected-multihop,0.9,2,4,1,2.0,1,0,0,0.0,0.02040816326530612,0.0,0.000873328529333826,0.38630740601515573,0.9904326476783794,0.9999836544691629,0.9999999999633351,0.4995918367346939,0.2710204081632653
meshtastic-like,11,20.0,1,1,0,1.0,1.0,0.0,0.143872,0.071936,0.143872,0.071936,0.143872,1,1,0,14,13,1,1,1.007104,0.726691,0.036335,0.398813,1.657781,2.056594,2.056594,1.007104,0.071936,251,435,686,0.365889,315,0.459184,164,45,0,0,0,0,0,0,0,0,0.0,0.071429,0,0,0.0,-1,0,0,0,sf7_15km_connected90_singleflow,50,15000.0,0.5,unicast,7,2.75,0,connected-multihop,0.9,2,4,1,2.0,1,0,0,0.0,0.0,0.0,0.0003117574371283592,0.08584297880584604,0.9656063426492666,0.9999038583350187,0.9999999993523613,0.5706122448979591,0.3379591836734694
meshcore-like,11,20.0,1,1,0,1.0,1.0,0.0,0.287744,0.215808,0.287744,0.215808,0.287744,1,1,0,52,1,51,1,3.740672,1.814824,0.090741,1.481306,6.007622,7.488928,7.488928,3.740672,0.215808,389,2159,2548,0.152669,1894,0.743328,227,0,49,1,1,1,0,1,0,0,0.0,0.980769,0,0,0.0,-1,0,0,0,sf7_15km_connected90_singleflow,50,15000.0,0.5,unicast,7,2.75,0,connected-multihop,0.9,2,4,1,2.0,1,1,0,1.0,0.02040816326530612,1.0,0.0003117574371283592,0.08584297880584604,0.9656063426492666,0.9999038583350187,0.9999999993523613,0.5706122448979591,0.3379591836734694
calm-mesh,11,20.0,1,1,0,1.0,1.0,0.0,2.431616,2.287744,2.431616,2.287744,2.431616,1,1,0,55,2,53,2,3.95648,1.873131,0.093657,1.566766,6.362162,7.928928,7.928928,3.95648,2.287744,401,2294,2695,0.148794,2050,0.760668,208,0,49,2,1,1,0,1,0,0,0.795,0.963636,0,0,0.0,-1,0,0,0,sf7_15km_connected90_singleflow,50,15000.0,0.5,unicast,7,2.75,0,connected-multihop,0.9,2,4,1,2.0,1,1,1,1.0,0.04081632653061224,2.0,0.0003117574371283592,0.08584297880584604,0.9656063426492666,0.9999038583350187,0.9999999993523613,0.5706122448979591,0.3379591836734694
smart-calm,11,20.0,1,1,0,1.0,1.0,0.0,15.287744,15.143872,15.287744,15.143872,15.287744,1,1,0,56,3,53,2,4.028416,1.96382,0.098191,1.595253,6.472192,8.067445,8.067445,4.028416,15.143872,464,2280,2744,0.169096,1926,0.701895,236,0,49,2,1,1,0,1,0,0,0.799607,0.946429,1,1,0.678245,0,1,0,0,sf7_15km_connected90_singleflow,50,15000.0,0.5,unicast,7,2.75,0,connected-multihop,0.9,2,4,1,2.0,1,1,1,1.0,0.04081632653061224,2.0,0.0003117574371283592,0.08584297880584604,0.9656063426492666,0.9999038583350187,0.9999999993523613,0.5706122448979591,0.3379591836734694
smart-calm-static,11,20.0,1,1,0,1.0,1.0,0.0,2.431616,2.287744,2.431616,2.287744,2.431616,1,1,0,55,2,53,2,3.95648,1.873131,0.093657,1.566766,6.362162,7.928928,7.928928,3.95648,2.287744,401,2294,2695,0.148794,2050,0.760668,208,0,49,2,1,1,0,1,0,0,0.795,0.963636,0,0,0.0,1,0,1,0,sf7_15km_connected90_singleflow,50,15000.0,0.5,unicast,7,2.75,0,connected-multihop,0.9,2,4,1,2.0,1,1,1,1.0,0.04081632653061224,2.0,0.0003117574371283592,0.08584297880584604,0.9656063426492666,0.9999038583350187,0.9999999993523613,0.5706122448979591,0.3379591836734694
smart-calm-no-fallback,11,20.0,1,1,0,1.0,1.0,0.0,15.287744,15.143872,15.287744,15.143872,15.287744,1,1,0,56,3,53,2,4.028416,1.96382,0.098191,1.595253,6.472192,8.067445,8.067445,4.028416,15.143872,464,2280,2744,0.169096,1926,0.701895,236,0,49,2,1,1,0,1,0,0,0.799607,0.946429,1,1,0.678245,0,1,0,0,sf7_15km_connected90_singleflow,50,15000.0,0.5,unicast,7,2.75,0,connected-multihop,0.9,2,4,1,2.0,1,1,1,1.0,0.04081632653061224,2.0,0.0003117574371283592,0.08584297880584604,0.9656063426492666,0.9999038583350187,0.9999999993523613,0.5706122448979591,0.3379591836734694
smart-calm-no-confidence,11,20.0,1,1,0,1.0,1.0,0.0,15.143872,15.071936,15.143872,15.071936,15.143872,1,1,0,52,1,51,1,3.740672,1.819028,0.090951,1.481306,6.012512,7.493818,7.493818,3.740672,15.071936,384,2164,2548,0.150706,1867,0.732732,238,0,49,1,1,0,0,1,1,0,0.778848,0.980769,1,1,0.64443,0,1,0,0,sf7_15km_connected90_singleflow,50,15000.0,0.5,unicast,7,2.75,0,connected-multihop,0.9,2,4,1,2.0,1,0,0,0.0,0.02040816326530612,0.0,0.0003117574371283592,0.08584297880584604,0.9656063426492666,0.9999038583350187,0.9999999993523613,0.5706122448979591,0.3379591836734694
meshtastic-like,12,20.0,1,1,0,1.0,1.0,0.0,1.280685,1.136813,1.280685,1.136813,1.280685,1,1,0,12,10,2,2,0.863232,0.717464,0.035873,0.34184,1.423051,1.764891,1.764891,0.863232,1.136813,299,289,588,0.508503,165,0.280612,175,46,0,0,0,0,0,0,0,0,0.0,0.166667,0,0,0.0,-1,0,0,0,sf7_15km_connected90_singleflow,50,15000.0,0.5,unicast,7,2.75,0,connected-multihop,0.9,2,4,1,2.0,1,0,0,0.0,0.0,0.0,0.00044296431450488693,0.2533694635611112,0.9821479058044528,0.9999723820984073,0.9999999997338276,0.5216326530612245,0.2987755102040816
meshcore-like,12,20.0,1,1,0,0.0,0.0,0.0,0.0,0.0,0.0,0.0,0.0,0,0,0,50,0,50,0,3.5968,1.708248,0.085412,1.424333,5.772892,7.197225,0.0,0.0,0.0,376,2074,2450,0.153469,1835,0.74898,307,0,49,1,1,0,0,1,0,0,0.0,1.0,0,0,0.0,-1,0,0,0,sf7_15km_connected90_singleflow,50,15000.0,0.5,unicast,7,2.75,0,connected-multihop,0.9,2,4,1,2.0,1,0,0,0.0,0.02040816326530612,0.0,0.00044296431450488693,0.2533694635611112,0.9821479058044528,0.9999723820984073,0.9999999997338276,0.5216326530612245,0.2987755102040816
calm-mesh,12,20.0,1,1,0,0.0,0.0,0.0,0.0,0.0,0.0,0.0,0.0,0,0,0,50,0,50,0,3.5968,1.662306,0.083115,1.424333,5.772892,7.197225,0.0,0.0,0.0,344,2106,2450,0.140408,1850,0.755102,264,0,49,1,1,0,0,1,0,0,0.794998,1.0,0,0,0.0,-1,0,0,0,sf7_15km_connected90_singleflow,50,15000.0,0.5,unicast,7,2.75,0,connected-multihop,0.9,2,4,1,2.0,1,0,0,0.0,0.02040816326530612,0.0,0.00044296431450488693,0.2533694635611112,0.9821479058044528,0.9999723820984073,0.9999999997338276,0.5216326530612245,0.2987755102040816
smart-calm,12,20.0,1,1,0,0.0,0.0,0.0,0.0,0.0,0.0,0.0,0.0,0,0,0,51,1,50,0,3.668736,1.461688,0.073084,1.452819,5.812014,7.264833,0.0,0.0,0.0,289,2210,2499,0.115646,1861,0.744698,198,0,49,1,1,0,0,1,1,0,0.799998,0.980392,1,0,0.0,0,1,0,0,sf7_15km_connected90_singleflow,50,15000.0,0.5,unicast,7,2.75,0,connected-multihop,0.9,2,4,1,2.0,1,0,0,0.0,0.02040816326530612,0.0,0.00044296431450488693,0.2533694635611112,0.9821479058044528,0.9999723820984073,0.9999999997338276,0.5216326530612245,0.2987755102040816
smart-calm-static,12,20.0,1,1,0,1.0,1.0,0.0,16.472678,16.328806,16.472678,16.328806,16.472678,1,1,0,63,11,52,2,4.531968,2.286209,0.11431,1.794659,7.296192,9.090852,9.090852,4.531968,16.328806,528,2559,3087,0.17104,2214,0.717201,330,21,49,1,1,0,0,1,11,0,0.794998,0.825397,0,0,0.0,1,0,1,0,sf7_15km_connected90_singleflow,50,15000.0,0.5,unicast,7,2.75,0,connected-multihop,0.9,2,4,1,2.0,1,0,0,0.0,0.02040816326530612,0.0,0.00044296431450488693,0.2533694635611112,0.9821479058044528,0.9999723820984073,0.9999999997338276,0.5216326530612245,0.2987755102040816
smart-calm-no-fallback,12,20.0,1,1,0,0.0,0.0,0.0,0.0,0.0,0.0,0.0,0.0,0,0,0,50,0,50,0,3.5968,1.389752,0.069488,1.424333,5.692204,7.116536,0.0,0.0,0.0,265,2185,2450,0.108163,1861,0.759592,198,0,49,1,1,0,0,1,0,0,0.799998,1.0,1,0,0.0,0,1,0,0,sf7_15km_connected90_singleflow,50,15000.0,0.5,unicast,7,2.75,0,connected-multihop,0.9,2,4,1,2.0,1,0,0,0.0,0.02040816326530612,0.0,0.00044296431450488693,0.2533694635611112,0.9821479058044528,0.9999723820984073,0.9999999997338276,0.5216326530612245,0.2987755102040816
smart-calm-no-confidence,12,20.0,1,1,0,0.0,0.0,0.0,0.0,0.0,0.0,0.0,0.0,0,0,0,51,1,50,0,3.668736,1.461688,0.073084,1.452819,5.812014,7.264833,0.0,0.0,0.0,289,2210,2499,0.115646,1861,0.744698,198,0,49,1,1,0,0,1,1,0,0.799998,0.980392,1,0,0.0,0,1,0,0,sf7_15km_connected90_singleflow,50,15000.0,0.5,unicast,7,2.75,0,connected-multihop,0.9,2,4,1,2.0,1,0,0,0.0,0.02040816326530612,0.0,0.00044296431450488693,0.2533694635611112,0.9821479058044528,0.9999723820984073,0.9999999997338276,0.5216326530612245,0.2987755102040816
meshtastic-like,13,20.0,1,1,0,0.0,1.0,0.0,0.0,0.952103,0.0,0.952103,0.0,1,0,0,21,19,2,2,1.510656,0.969354,0.048468,0.59822,2.45733,3.05555,0.0,0.0,0.952103,236,793,1029,0.229349,641,0.622935,170,46,0,0,0,0,0,0,0,0,0.0,0.095238,0,0,0.0,-1,0,0,0,sf7_15km_connected90_singleflow,50,15000.0,0.5,unicast,7,2.75,0,connected-multihop,0.9,2,4,1,2.0,1,0,0,0.0,0.0,0.0,0.0008065132249337808,0.33120730830270134,0.9918401631046033,0.9999848666091657,0.9999999998992732,0.4906122448979592,0.28408163265306124
meshcore-like,13,20.0,1,1,0,0.0,0.0,0.0,0.0,0.0,0.0,0.0,0.0,0,0,0,50,0,50,0,3.5968,1.482359,0.074118,1.424333,5.689758,7.114091,0.0,0.0,0.0,257,2193,2450,0.104898,1842,0.751837,200,0,49,1,1,0,0,1,0,0,0.0,1.0,0,0,0.0,-1,0,0,0,sf7_15km_connected90_singleflow,50,15000.0,0.5,unicast,7,2.75,0,connected-multihop,0.9,2,4,1,2.0,1,0,0,0.0,0.02040816326530612,0.0,0.0008065132249337808,0.33120730830270134,0.9918401631046033,0.9999848666091657,0.9999999998992732,0.4906122448979592,0.28408163265306124
calm-mesh,13,20.0,1,1,0,1.0,1.0,0.0,2.431616,2.287744,2.431616,2.287744,2.431616,1,1,0,55,2,53,2,3.95648,1.889927,0.094496,1.566766,6.293699,7.860465,7.860465,3.95648,2.287744,441,2254,2695,0.163636,1860,0.690167,192,0,49,2,1,1,0,1,0,0,0.955,0.963636,0,0,0.0,-1,0,0,0,sf7_15km_connected90_singleflow,50,15000.0,0.5,unicast,7,2.75,0,connected-multihop,0.9,2,4,1,2.0,1,1,1,1.0,0.04081632653061224,2.0,0.0008065132249337808,0.33120730830270134,0.9918401631046033,0.9999848666091657,0.9999999998992732,0.4906122448979592,0.28408163265306124
smart-calm,13,20.0,1,1,0,0.0,0.0,0.0,0.0,0.0,0.0,0.0,0.0,0,0,0,51,1,50,0,3.668736,1.476015,0.073801,1.452819,5.785118,7.237937,0.0,0.0,0.0,233,2266,2499,0.093237,1945,0.778311,142,0,49,1,1,0,0,1,1,0,0.916885,0.980392,1,0,0.0,0,1,0,0,sf7_15km_connected90_singleflow,50,15000.0,0.5,unicast,7,2.75,0,connected-multihop,0.9,2,4,1,2.0,1,0,0,0.0,0.02040816326530612,0.0,0.0008065132249337808,0.33120730830270134,0.9918401631046033,0.9999848666091657,0.9999999998992732,0.4906122448979592,0.28408163265306124
smart-calm-static,13,20.0,1,1,0,1.0,1.0,0.0,2.431616,2.287744,2.431616,2.287744,2.431616,1,1,0,55,2,53,2,3.95648,1.889927,0.094496,1.566766,6.293699,7.860465,7.860465,3.95648,2.287744,441,2254,2695,0.163636,1860,0.690167,192,0,49,2,1,1,0,1,0,0,0.955,0.963636,0,0,0.0,1,0,1,0,sf7_15km_connected90_singleflow,50,15000.0,0.5,unicast,7,2.75,0,connected-multihop,0.9,2,4,1,2.0,1,1,1,1.0,0.04081632653061224,2.0,0.0008065132249337808,0.33120730830270134,0.9918401631046033,0.9999848666091657,0.9999999998992732,0.4906122448979592,0.28408163265306124
smart-calm-no-fallback,13,20.0,1,1,0,0.0,0.0,0.0,0.0,0.0,0.0,0.0,0.0,0,0,0,50,0,50,0,3.5968,1.404079,0.070204,1.424333,5.665307,7.08964,0.0,0.0,0.0,205,2245,2450,0.083673,1945,0.793878,142,0,49,1,1,0,0,1,0,0,0.916885,1.0,1,0,0.0,0,1,0,0,sf7_15km_connected90_singleflow,50,15000.0,0.5,unicast,7,2.75,0,connected-multihop,0.9,2,4,1,2.0,1,0,0,0.0,0.02040816326530612,0.0,0.0008065132249337808,0.33120730830270134,0.9918401631046033,0.9999848666091657,0.9999999998992732,0.4906122448979592,0.28408163265306124
smart-calm-no-confidence,13,20.0,1,1,0,0.0,0.0,0.0,0.0,0.0,0.0,0.0,0.0,0,0,0,52,1,51,0,3.740672,1.476015,0.073801,1.481306,5.892702,7.374008,0.0,0.0,0.0,238,2310,2548,0.093407,1982,0.777865,144,0,49,2,1,0,0,1,1,0,0.262935,0.980769,1,0,0.0,0,1,0,0,sf7_15km_connected90_singleflow,50,15000.0,0.5,unicast,7,2.75,0,connected-multihop,0.9,2,4,1,2.0,1,0,0,0.0,0.04081632653061224,0.0,0.0008065132249337808,0.33120730830270134,0.9918401631046033,0.9999848666091657,0.9999999998992732,0.4906122448979592,0.28408163265306124
meshtastic-like,14,20.0,1,1,0,0.0,1.0,0.0,0.0,1.017583,0.0,1.017583,0.0,1,0,0,16,15,1,1,1.150976,0.601368,0.030068,0.455786,1.853389,2.309176,0.0,0.0,1.017583,169,615,784,0.215561,538,0.686224,113,46,0,0,0,0,0,0,0,0,0.0,0.0625,0,0,0.0,-1,0,0,0,sf7_15km_connected90_singleflow,50,15000.0,0.5,unicast,7,2.75,0,connected-multihop,0.9,2,4,1,2.0,1,0,0,0.0,0.0,0.0,0.0015201467782250244,0.47633529303278593,0.9963377958485646,0.9999953384299968,0.9999999999548623,0.45224489795918366,0.25387755102040815
meshcore-like,14,20.0,1,1,0,0.0,0.0,0.0,0.0,0.0,0.0,0.0,0.0,0,0,0,51,0,51,0,3.668736,1.056057,0.052803,1.452819,5.606625,7.059444,0.0,0.0,0.0,191,2308,2499,0.076431,1867,0.747099,134,0,49,2,1,0,0,1,0,0,0.0,1.0,0,0,0.0,-1,0,0,0,sf7_15km_connected90_singleflow,50,15000.0,0.5,unicast,7,2.75,0,connected-multihop,0.9,2,4,1,2.0,1,0,0,0.0,0.04081632653061224,0.0,0.0015201467782250244,0.47633529303278593,0.9963377958485646,0.9999953384299968,0.9999999999548623,0.45224489795918366,0.25387755102040815
calm-mesh,14,20.0,1,1,0,1.0,1.0,0.0,2.431616,2.287744,2.431616,2.287744,2.431616,1,1,0,55,2,53,2,3.95648,1.576324,0.078816,1.566766,6.159219,7.725985,7.725985,3.95648,2.287744,396,2299,2695,0.146939,1813,0.672727,174,0,49,2,1,1,0,1,0,0,0.795,0.963636,0,0,0.0,-1,0,0,0,sf7_15km_connected90_singleflow,50,15000.0,0.5,unicast,7,2.75,0,connected-multihop,0.9,2,4,1,2.0,1,1,1,1.0,0.04081632653061224,2.0,0.0015201467782250244,0.47633529303278593,0.9963377958485646,0.9999953384299968,0.9999999999548623,0.45224489795918366,0.25387755102040815
smart-calm,14,20.0,1,1,0,1.0,1.0,0.0,15.287744,15.143872,15.287744,15.143872,15.287744,1,1,0,56,3,53,2,4.028416,1.640195,0.08201,1.595253,6.301035,7.896287,7.896287,4.028416,15.143872,494,2250,2744,0.180029,1726,0.629009,221,0,49,2,1,1,0,1,0,0,0.799607,0.946429,1,1,0.678245,0,1,0,0,sf7_15km_connected90_singleflow,50,15000.0,0.5,unicast,7,2.75,0,connected-multihop,0.9,2,4,1,2.0,1,1,1,1.0,0.04081632653061224,2.0,0.0015201467782250244,0.47633529303278593,0.9963377958485646,0.9999953384299968,0.9999999999548623,0.45224489795918366,0.25387755102040815
smart-calm-static,14,20.0,1,1,0,1.0,1.0,0.0,2.431616,2.287744,2.431616,2.287744,2.431616,1,1,0,55,2,53,2,3.95648,1.576324,0.078816,1.566766,6.159219,7.725985,7.725985,3.95648,2.287744,396,2299,2695,0.146939,1813,0.672727,174,0,49,2,1,1,0,1,0,0,0.795,0.963636,0,0,0.0,1,0,1,0,sf7_15km_connected90_singleflow,50,15000.0,0.5,unicast,7,2.75,0,connected-multihop,0.9,2,4,1,2.0,1,1,1,1.0,0.04081632653061224,2.0,0.0015201467782250244,0.47633529303278593,0.9963377958485646,0.9999953384299968,0.9999999999548623,0.45224489795918366,0.25387755102040815
smart-calm-no-fallback,14,20.0,1,1,0,1.0,1.0,0.0,15.287744,15.143872,15.287744,15.143872,15.287744,1,1,0,56,3,53,2,4.028416,1.640195,0.08201,1.595253,6.301035,7.896287,7.896287,4.028416,15.143872,494,2250,2744,0.180029,1726,0.629009,221,0,49,2,1,1,0,1,0,0,0.799607,0.946429,1,1,0.678245,0,1,0,0,sf7_15km_connected90_singleflow,50,15000.0,0.5,unicast,7,2.75,0,connected-multihop,0.9,2,4,1,2.0,1,1,1,1.0,0.04081632653061224,2.0,0.0015201467782250244,0.47633529303278593,0.9963377958485646,0.9999953384299968,0.9999999999548623,0.45224489795918366,0.25387755102040815
smart-calm-no-confidence,14,20.0,1,1,0,1.0,1.0,0.0,15.287744,15.143872,15.287744,15.143872,15.287744,1,1,0,56,3,53,2,4.028416,1.640195,0.08201,1.595253,6.301035,7.896287,7.896287,4.028416,15.143872,498,2246,2744,0.181487,1726,0.629009,221,0,49,2,1,1,0,1,0,0,0.799604,0.946429,1,1,0.678245,0,1,0,0,sf7_15km_connected90_singleflow,50,15000.0,0.5,unicast,7,2.75,0,connected-multihop,0.9,2,4,1,2.0,1,1,1,1.0,0.04081632653061224,2.0,0.0015201467782250244,0.47633529303278593,0.9963377958485646,0.9999953384299968,0.9999999999548623,0.45224489795918366,0.25387755102040815
meshtastic-like,15,20.0,1,1,0,0.0,1.0,0.0,0.0,0.071936,0.0,0.071936,0.0,1,0,0,8,7,1,1,0.575488,0.489971,0.024499,0.227893,0.953591,1.181484,0.0,0.0,0.071936,180,212,392,0.459184,136,0.346939,101,46,0,0,0,0,0,0,0,0,0.0,0.125,0,0,0.0,-1,0,0,0,sf7_15km_connected90_singleflow,50,15000.0,0.5,unicast,7,2.75,0,connected-multihop,0.9,2,4,1,2.0,1,0,0,0.0,0.0,0.0,0.00019069850215625313,0.1337254112882128,0.9748289787270991,0.9999592968759288,0.9999999999127114,0.5338775510204081,0.3346938775510204
meshcore-like,15,20.0,1,1,0,0.0,0.0,0.0,0.0,0.0,0.0,0.0,0.0,0,0,0,50,0,50,0,3.5968,1.506506,0.075325,1.424333,5.684868,7.109201,0.0,0.0,0.0,329,2121,2450,0.134286,1759,0.717959,240,0,49,1,1,0,0,1,0,0,0.0,1.0,0,0,0.0,-1,0,0,0,sf7_15km_connected90_singleflow,50,15000.0,0.5,unicast,7,2.75,0,connected-multihop,0.9,2,4,1,2.0,1,0,0,0.0,0.02040816326530612,0.0,0.00019069850215625313,0.1337254112882128,0.9748289787270991,0.9999592968759288,0.9999999999127114,0.5338775510204081,0.3346938775510204
calm-mesh,15,20.0,1,1,0,1.0,1.0,0.0,2.431616,2.287744,2.431616,2.287744,2.431616,1,1,0,55,2,53,2,3.95648,1.729226,0.086461,1.566766,6.288809,7.855575,7.855575,3.95648,2.287744,416,2279,2695,0.15436,1892,0.702041,184,0,49,2,1,1,0,1,0,0,0.795,0.963636,0,0,0.0,-1,0,0,0,sf7_15km_connected90_singleflow,50,15000.0,0.5,unicast,7,2.75,0,connected-multihop,0.9,2,4,1,2.0,1,1,1,1.0,0.04081632653061224,2.0,0.00019069850215625313,0.1337254112882128,0.9748289787270991,0.9999592968759288,0.9999999999127114,0.5338775510204081,0.3346938775510204
smart-calm,15,20.0,1,1,0,1.0,1.0,0.0,15.287744,15.143872,15.287744,15.143872,15.287744,1,1,0,56,3,53,2,4.028416,1.633612,0.081681,1.595253,6.31815,7.913403,7.913403,4.028416,15.143872,401,2343,2744,0.146137,1896,0.690962,191,0,49,2,1,1,0,1,0,0,0.799607,0.946429,1,1,0.678245,0,1,0,0,sf7_15km_connected90_singleflow,50,15000.0,0.5,unicast,7,2.75,0,connected-multihop,0.9,2,4,1,2.0,1,1,1,1.0,0.04081632653061224,2.0,0.00019069850215625313,0.1337254112882128,0.9748289787270991,0.9999592968759288,0.9999999999127114,0.5338775510204081,0.3346938775510204
smart-calm-static,15,20.0,1,1,0,1.0,1.0,0.0,2.431616,2.287744,2.431616,2.287744,2.431616,1,1,0,55,2,53,2,3.95648,1.729226,0.086461,1.566766,6.288809,7.855575,7.855575,3.95648,2.287744,416,2279,2695,0.15436,1892,0.702041,184,0,49,2,1,1,0,1,0,0,0.795,0.963636,0,0,0.0,1,0,1,0,sf7_15km_connected90_singleflow,50,15000.0,0.5,unicast,7,2.75,0,connected-multihop,0.9,2,4,1,2.0,1,1,1,1.0,0.04081632653061224,2.0,0.00019069850215625313,0.1337254112882128,0.9748289787270991,0.9999592968759288,0.9999999999127114,0.5338775510204081,0.3346938775510204
smart-calm-no-fallback,15,20.0,1,1,0,1.0,1.0,0.0,15.287744,15.143872,15.287744,15.143872,15.287744,1,1,0,56,3,53,2,4.028416,1.633612,0.081681,1.595253,6.31815,7.913403,7.913403,4.028416,15.143872,401,2343,2744,0.146137,1896,0.690962,191,0,49,2,1,1,0,1,0,0,0.799607,0.946429,1,1,0.678245,0,1,0,0,sf7_15km_connected90_singleflow,50,15000.0,0.5,unicast,7,2.75,0,connected-multihop,0.9,2,4,1,2.0,1,1,1,1.0,0.04081632653061224,2.0,0.00019069850215625313,0.1337254112882128,0.9748289787270991,0.9999592968759288,0.9999999999127114,0.5338775510204081,0.3346938775510204
smart-calm-no-confidence,15,20.0,1,1,0,0.0,0.0,0.0,0.0,0.0,0.0,0.0,0.0,0,0,0,51,1,50,0,3.668736,1.407058,0.070353,1.452819,5.72888,7.1817,0.0,0.0,0.0,320,2179,2499,0.128051,1786,0.714686,216,0,49,1,1,0,0,1,1,0,0.342236,0.980392,1,0,0.0,0,1,0,0,sf7_15km_connected90_singleflow,50,15000.0,0.5,unicast,7,2.75,0,connected-multihop,0.9,2,4,1,2.0,1,0,0,0.0,0.02040816326530612,0.0,0.00019069850215625313,0.1337254112882128,0.9748289787270991,0.9999592968759288,0.9999999999127114,0.5338775510204081,0.3346938775510204
meshtastic-like,16,20.0,1,1,0,0.0,1.0,0.0,0.0,1.684002,0.0,1.684002,0.0,1,0,0,8,6,2,2,0.575488,0.575488,0.028774,0.227893,0.958481,1.186374,0.0,0.0,1.684002,267,125,392,0.681122,0,0.0,137,46,0,0,0,0,0,0,0,0,0.0,0.25,0,0,0.0,-1,0,0,0,sf7_15km_connected90_singleflow,50,15000.0,0.5,unicast,7,2.75,0,connected-multihop,0.9,2,4,1,2.0,1,0,0,0.0,0.0,0.0,0.0009950993105435888,0.41659371123782757,0.9939079565385994,0.9999906225553371,0.9999999996576796,0.4857142857142857,0.26285714285714284
meshcore-like,16,20.0,1,1,0,0.0,0.0,0.0,0.0,0.0,0.0,0.0,0.0,0,0,0,50,0,50,0,3.5968,1.648096,0.082405,1.424333,5.765557,7.18989,0.0,0.0,0.0,317,2133,2450,0.129388,1874,0.764898,243,0,49,1,1,0,0,1,0,0,0.0,1.0,0,0,0.0,-1,0,0,0,sf7_15km_connected90_singleflow,50,15000.0,0.5,unicast,7,2.75,0,connected-multihop,0.9,2,4,1,2.0,1,0,0,0.0,0.02040816326530612,0.0,0.0009950993105435888,0.41659371123782757,0.9939079565385994,0.9999906225553371,0.9999999996576796,0.4857142857142857,0.26285714285714284
calm-mesh,16,20.0,1,1,0,0.0,0.0,0.0,0.0,0.0,0.0,0.0,0.0,0,0,0,53,2,51,0,3.812608,1.702822,0.085141,1.509793,6.090756,7.600548,0.0,0.0,0.0,335,2262,2597,0.128995,1950,0.750866,173,0,49,2,1,1,0,1,0,0,0.79487,0.962264,0,0,0.0,-1,0,0,0,sf7_15km_connected90_singleflow,50,15000.0,0.5,unicast,7,2.75,0,connected-multihop,0.9,2,4,1,2.0,1,1,1,1.0,0.04081632653061224,2.0,0.0009950993105435888,0.41659371123782757,0.9939079565385994,0.9999906225553371,0.9999999996576796,0.4857142857142857,0.26285714285714284
smart-calm,16,20.0,1,1,0,0.0,0.0,0.0,0.0,0.0,0.0,0.0,0.0,0,0,0,51,1,50,0,3.668736,1.48534,0.074267,1.452819,5.809569,7.262388,0.0,0.0,0.0,249,2250,2499,0.09964,1914,0.765906,166,0,49,1,1,0,0,1,1,0,0.96,0.980392,1,0,0.0,0,1,0,0,sf7_15km_connected90_singleflow,50,15000.0,0.5,unicast,7,2.75,0,connected-multihop,0.9,2,4,1,2.0,1,0,0,0.0,0.02040816326530612,0.0,0.0009950993105435888,0.41659371123782757,0.9939079565385994,0.9999906225553371,0.9999999996576796,0.4857142857142857,0.26285714285714284
smart-calm-static,16,20.0,1,1,0,1.0,1.0,0.0,15.287744,15.143872,15.287744,15.143872,15.287744,1,1,0,57,4,53,2,4.100352,1.990566,0.099528,1.623739,6.569996,8.193736,8.193736,4.100352,15.143872,464,2329,2793,0.16613,1950,0.698174,173,0,49,2,1,1,0,1,0,0,0.794155,0.929825,0,0,0.0,1,0,1,0,sf7_15km_connected90_singleflow,50,15000.0,0.5,unicast,7,2.75,0,connected-multihop,0.9,2,4,1,2.0,1,1,1,1.0,0.04081632653061224,2.0,0.0009950993105435888,0.41659371123782757,0.9939079565385994,0.9999906225553371,0.9999999996576796,0.4857142857142857,0.26285714285714284
smart-calm-no-fallback,16,20.0,1,1,0,0.0,0.0,0.0,0.0,0.0,0.0,0.0,0.0,0,0,0,50,0,50,0,3.5968,1.413404,0.07067,1.424333,5.689758,7.114091,0.0,0.0,0.0,228,2222,2450,0.093061,1914,0.781224,166,0,49,1,1,0,0,1,0,0,0.96,1.0,1,0,0.0,0,1,0,0,sf7_15km_connected90_singleflow,50,15000.0,0.5,unicast,7,2.75,0,connected-multihop,0.9,2,4,1,2.0,1,0,0,0.0,0.02040816326530612,0.0,0.0009950993105435888,0.41659371123782757,0.9939079565385994,0.9999906225553371,0.9999999996576796,0.4857142857142857,0.26285714285714284
smart-calm-no-confidence,16,20.0,1,1,0,0.0,0.0,0.0,0.0,0.0,0.0,0.0,0.0,0,0,0,51,1,50,0,3.668736,1.48534,0.074267,1.452819,5.809569,7.262388,0.0,0.0,0.0,249,2250,2499,0.09964,1914,0.765906,166,0,49,1,1,0,0,1,1,0,0.96,0.980392,1,0,0.0,0,1,0,0,sf7_15km_connected90_singleflow,50,15000.0,0.5,unicast,7,2.75,0,connected-multihop,0.9,2,4,1,2.0,1,0,0,0.0,0.02040816326530612,0.0,0.0009950993105435888,0.41659371123782757,0.9939079565385994,0.9999906225553371,0.9999999996576796,0.4857142857142857,0.26285714285714284
meshtastic-like,17,20.0,1,1,0,1.0,1.0,0.0,1.519492,1.37562,1.519492,1.37562,1.519492,1,1,0,8,6,2,2,0.575488,0.575488,0.028774,0.227893,0.958481,1.186374,1.186374,0.575488,1.37562,273,119,392,0.696429,0,0.0,155,47,0,0,0,0,0,0,0,0,0.0,0.25,0,0,0.0,-1,0,0,0,sf7_15km_connected90_singleflow,50,15000.0,0.5,unicast,7,2.75,0,connected-multihop,0.9,2,4,1,2.0,1,0,0,0.0,0.0,0.0,0.0003236086309876778,0.31538294807775696,0.9933257150261082,0.9999885827912371,0.9999999999140218,0.4751020408163265,0.2783673469387755
meshcore-like,17,20.0,1,1,0,0.0,0.0,0.0,0.0,0.0,0.0,0.0,0.0,0,0,0,50,0,50,0,3.5968,1.883469,0.094173,1.424333,5.804678,7.229011,0.0,0.0,0.0,286,2164,2450,0.116735,1962,0.800816,220,0,49,1,1,0,0,1,0,0,0.0,1.0,0,0,0.0,-1,0,0,0,sf7_15km_connected90_singleflow,50,15000.0,0.5,unicast,7,2.75,0,connected-multihop,0.9,2,4,1,2.0,1,0,0,0.0,0.02040816326530612,0.0,0.0003236086309876778,0.31538294807775696,0.9933257150261082,0.9999885827912371,0.9999999999140218,0.4751020408163265,0.2783673469387755
calm-mesh,17,20.0,1,1,0,0.0,0.0,0.0,0.0,0.0,0.0,0.0,0.0,0,0,0,54,2,52,0,3.884544,1.681007,0.08405,1.538279,6.176334,7.714614,0.0,0.0,0.0,348,2298,2646,0.131519,1959,0.740363,173,0,49,3,1,1,0,1,0,0,0.767877,0.962963,0,0,0.0,-1,0,0,0,sf7_15km_connected90_singleflow,50,15000.0,0.5,unicast,7,2.75,0,connected-multihop,0.9,2,4,1,2.0,1,1,1,1.0,0.061224489795918366,3.0,0.0003236086309876778,0.31538294807775696,0.9933257150261082,0.9999885827912371,0.9999999999140218,0.4751020408163265,0.2783673469387755
smart-calm,17,20.0,1,1,0,0.0,0.0,0.0,0.0,0.0,0.0,0.0,0.0,0,0,0,51,1,50,0,3.668736,1.734912,0.086746,1.452819,5.897592,7.350412,0.0,0.0,0.0,333,2166,2499,0.133253,1923,0.769508,246,0,49,1,1,0,0,1,1,0,0.705899,0.980392,1,0,0.0,0,1,0,0,sf7_15km_connected90_singleflow,50,15000.0,0.5,unicast,7,2.75,0,connected-multihop,0.9,2,4,1,2.0,1,0,0,0.0,0.02040816326530612,0.0,0.0003236086309876778,0.31538294807775696,0.9933257150261082,0.9999885827912371,0.9999999999140218,0.4751020408163265,0.2783673469387755
smart-calm-static,17,20.0,1,1,0,1.0,1.0,0.0,15.431616,15.215808,15.431616,15.215808,15.431616,1,1,0,60,5,55,3,4.31616,2.112623,0.105631,1.709199,6.895195,8.604394,8.604394,4.31616,15.215808,535,2405,2940,0.181973,1959,0.666327,173,0,49,3,1,1,0,1,0,0,0.767167,0.916667,0,0,0.0,1,0,1,0,sf7_15km_connected90_singleflow,50,15000.0,0.5,unicast,7,2.75,0,connected-multihop,0.9,2,4,1,2.0,1,1,1,1.0,0.061224489795918366,3.0,0.0003236086309876778,0.31538294807775696,0.9933257150261082,0.9999885827912371,0.9999999999140218,0.4751020408163265,0.2783673469387755
smart-calm-no-fallback,17,20.0,1,1,0,0.0,0.0,0.0,0.0,0.0,0.0,0.0,0.0,0,0,0,50,0,50,0,3.5968,1.662976,0.083149,1.424333,5.777782,7.202115,0.0,0.0,0.0,312,2138,2450,0.127347,1923,0.784898,246,0,49,1,1,0,0,1,0,0,0.705899,1.0,1,0,0.0,0,1,0,0,sf7_15km_connected90_singleflow,50,15000.0,0.5,unicast,7,2.75,0,connected-multihop,0.9,2,4,1,2.0,1,0,0,0.0,0.02040816326530612,0.0,0.0003236086309876778,0.31538294807775696,0.9933257150261082,0.9999885827912371,0.9999999999140218,0.4751020408163265,0.2783673469387755
smart-calm-no-confidence,17,20.0,1,1,0,0.0,0.0,0.0,0.0,0.0,0.0,0.0,0.0,0,0,0,51,1,50,0,3.668736,1.734912,0.086746,1.452819,5.897592,7.350412,0.0,0.0,0.0,333,2166,2499,0.133253,1923,0.769508,246,0,49,1,1,0,0,1,1,0,0.705899,0.980392,1,0,0.0,0,1,0,0,sf7_15km_connected90_singleflow,50,15000.0,0.5,unicast,7,2.75,0,connected-multihop,0.9,2,4,1,2.0,1,0,0,0.0,0.02040816326530612,0.0,0.0003236086309876778,0.31538294807775696,0.9933257150261082,0.9999885827912371,0.9999999999140218,0.4751020408163265,0.2783673469387755
meshtastic-like,18,20.0,1,1,0,1.0,1.0,0.0,2.347354,2.131546,2.347354,2.131546,2.347354,1,1,0,23,20,3,3,1.654528,1.005068,0.050253,0.655193,2.667609,3.322802,3.322802,1.654528,2.131546,316,811,1127,0.28039,636,0.56433,155,46,0,0,0,0,0,0,0,0,0.0,0.130435,0,0,0.0,-1,0,0,0,sf7_15km_connected90_singleflow,50,15000.0,0.5,unicast,7,2.75,0,connected-multihop,0.9,2,4,1,2.0,1,0,0,0.0,0.0,0.0,0.00162249792780075,0.6103645297959007,0.9951541879886958,0.9999933441505365,0.9999999999290448,0.46040816326530615,0.22693877551020408
meshcore-like,18,20.0,1,1,0,0.0,0.0,0.0,0.0,0.0,0.0,0.0,0.0,0,0,0,50,0,50,0,3.5968,1.181447,0.059072,1.424333,5.547942,6.972275,0.0,0.0,0.0,236,2214,2450,0.096327,1814,0.740408,168,0,49,1,1,0,0,1,0,0,0.0,1.0,0,0,0.0,-1,0,0,0,sf7_15km_connected90_singleflow,50,15000.0,0.5,unicast,7,2.75,0,connected-multihop,0.9,2,4,1,2.0,1,0,0,0.0,0.02040816326530612,0.0,0.00162249792780075,0.6103645297959007,0.9951541879886958,0.9999933441505365,0.9999999999290448,0.46040816326530615,0.22693877551020408
calm-mesh,18,20.0,1,1,0,0.0,0.0,0.0,0.0,0.0,0.0,0.0,0.0,0,0,0,54,2,52,0,3.884544,1.408662,0.070433,1.538279,6.019848,7.558127,0.0,0.0,0.0,406,2240,2646,0.153439,1768,0.668178,175,0,49,3,1,1,0,1,0,0,0.816926,0.962963,0,0,0.0,-1,0,0,0,sf7_15km_connected90_singleflow,50,15000.0,0.5,unicast,7,2.75,0,connected-multihop,0.9,2,4,1,2.0,1,1,1,1.0,0.061224489795918366,3.0,0.00162249792780075,0.6103645297959007,0.9951541879886958,0.9999933441505365,0.9999999999290448,0.46040816326530615,0.22693877551020408
smart-calm,18,20.0,1,1,0,0.0,0.0,0.0,0.0,0.0,0.0,0.0,0.0,0,0,0,51,1,50,0,3.668736,1.166207,0.05831,1.452819,5.648192,7.101011,0.0,0.0,0.0,219,2280,2499,0.087635,1855,0.742297,112,0,49,1,1,0,0,1,1,0,0.742032,0.980392,1,0,0.0,0,1,0,0,sf7_15km_connected90_singleflow,50,15000.0,0.5,unicast,7,2.75,0,connected-multihop,0.9,2,4,1,2.0,1,0,0,0.0,0.02040816326530612,0.0,0.00162249792780075,0.6103645297959007,0.9951541879886958,0.9999933441505365,0.9999999999290448,0.46040816326530615,0.22693877551020408
smart-calm-static,18,20.0,1,1,0,1.0,1.0,0.0,15.431616,15.215808,15.431616,15.215808,15.431616,1,1,0,60,5,55,3,4.31616,1.840278,0.092014,1.709199,6.738708,8.447908,8.447908,4.31616,15.215808,630,2310,2940,0.214286,1768,0.601361,175,0,49,3,1,1,0,1,0,0,0.816216,0.916667,0,0,0.0,1,0,1,0,sf7_15km_connected90_singleflow,50,15000.0,0.5,unicast,7,2.75,0,connected-multihop,0.9,2,4,1,2.0,1,1,1,1.0,0.061224489795918366,3.0,0.00162249792780075,0.6103645297959007,0.9951541879886958,0.9999933441505365,0.9999999999290448,0.46040816326530615,0.22693877551020408
smart-calm-no-fallback,18,20.0,1,1,0,0.0,0.0,0.0,0.0,0.0,0.0,0.0,0.0,0,0,0,50,0,50,0,3.5968,1.094271,0.054714,1.424333,5.528382,6.952714,0.0,0.0,0.0,178,2272,2450,0.072653,1855,0.757143,112,0,49,1,1,0,0,1,0,0,0.742032,1.0,1,0,0.0,0,1,0,0,sf7_15km_connected90_singleflow,50,15000.0,0.5,unicast,7,2.75,0,connected-multihop,0.9,2,4,1,2.0,1,0,0,0.0,0.02040816326530612,0.0,0.00162249792780075,0.6103645297959007,0.9951541879886958,0.9999933441505365,0.9999999999290448,0.46040816326530615,0.22693877551020408
smart-calm-no-confidence,18,20.0,1,1,0,0.0,0.0,0.0,0.0,0.0,0.0,0.0,0.0,0,0,0,51,1,50,0,3.668736,1.166207,0.05831,1.452819,5.648192,7.101011,0.0,0.0,0.0,219,2280,2499,0.087635,1855,0.742297,112,0,49,1,1,0,0,1,1,0,0.742032,0.980392,1,0,0.0,0,1,0,0,sf7_15km_connected90_singleflow,50,15000.0,0.5,unicast,7,2.75,0,connected-multihop,0.9,2,4,1,2.0,1,0,0,0.0,0.02040816326530612,0.0,0.00162249792780075,0.6103645297959007,0.9951541879886958,0.9999933441505365,0.9999999999290448,0.46040816326530615,0.22693877551020408
meshtastic-like,19,20.0,1,1,0,0.0,1.0,0.0,0.0,1.284222,0.0,1.284222,0.0,1,0,0,14,12,2,2,1.007104,0.731653,0.036583,0.398813,1.657781,2.056594,0.0,0.0,1.284222,230,456,686,0.335277,386,0.562682,145,47,0,0,0,0,0,0,0,0,0.0,0.142857,0,0,0.0,-1,0,0,0,sf7_15km_connected90_singleflow,50,15000.0,0.5,unicast,7,2.75,0,connected-multihop,0.9,2,4,1,2.0,1,0,0,0.0,0.0,0.0,0.0010335037404364687,0.2968197157015867,0.9872075339937633,0.9999683815105762,0.9999999997740185,0.5085714285714286,0.3020408163265306
meshcore-like,19,20.0,1,1,0,0.0,0.0,0.0,0.0,0.0,0.0,0.0,0.0,0,0,0,50,0,50,0,3.5968,1.44159,0.072079,1.424333,5.631076,7.055409,0.0,0.0,0.0,259,2191,2450,0.105714,1834,0.748571,195,0,49,1,1,0,0,1,0,0,0.0,1.0,0,0,0.0,-1,0,0,0,sf7_15km_connected90_singleflow,50,15000.0,0.5,unicast,7,2.75,0,connected-multihop,0.9,2,4,1,2.0,1,0,0,0.0,0.02040816326530612,0.0,0.0010335037404364687,0.2968197157015867,0.9872075339937633,0.9999683815105762,0.9999999997740185,0.5085714285714286,0.3020408163265306
calm-mesh,19,20.0,1,1,0,0.0,0.0,0.0,0.0,0.0,0.0,0.0,0.0,0,0,0,50,0,50,0,3.5968,1.437548,0.071877,1.424333,5.653082,7.077415,0.0,0.0,0.0,270,2180,2450,0.110204,1828,0.746122,195,0,49,1,1,0,0,1,0,0,0.794761,1.0,0,0,0.0,-1,0,0,0,sf7_15km_connected90_singleflow,50,15000.0,0.5,unicast,7,2.75,0,connected-multihop,0.9,2,4,1,2.0,1,0,0,0.0,0.02040816326530612,0.0,0.0010335037404364687,0.2968197157015867,0.9872075339937633,0.9999683815105762,0.9999999997740185,0.5085714285714286,0.3020408163265306
smart-calm,19,20.0,1,1,0,0.0,0.0,0.0,0.0,0.0,0.0,0.0,0.0,0,0,0,52,1,51,0,3.740672,1.422849,0.071142,1.481306,5.887812,7.369118,0.0,0.0,0.0,246,2302,2548,0.096546,1995,0.782967,134,0,49,2,1,0,0,1,1,0,0.799999,0.980769,1,0,0.0,0,1,0,0,sf7_15km_connected90_singleflow,50,15000.0,0.5,unicast,7,2.75,0,connected-multihop,0.9,2,4,1,2.0,1,0,0,0.0,0.04081632653061224,0.0,0.0010335037404364687,0.2968197157015867,0.9872075339937633,0.9999683815105762,0.9999999997740185,0.5085714285714286,0.3020408163265306
smart-calm-static,19,20.0,1,1,0,0.0,1.0,0.0,0.0,15.807521,0.0,15.807521,0.0,1,0,0,71,20,51,1,5.107456,1.993207,0.09966,2.022553,8.017498,10.040051,0.0,0.0,15.807521,387,3092,3479,0.111239,2603,0.748204,259,30,49,1,1,0,0,1,20,0,0.794761,0.71831,0,0,0.0,1,0,1,0,sf7_15km_connected90_singleflow,50,15000.0,0.5,unicast,7,2.75,0,connected-multihop,0.9,2,4,1,2.0,1,0,0,0.0,0.02040816326530612,0.0,0.0010335037404364687,0.2968197157015867,0.9872075339937633,0.9999683815105762,0.9999999997740185,0.5085714285714286,0.3020408163265306
smart-calm-no-fallback,19,20.0,1,1,0,0.0,0.0,0.0,0.0,0.0,0.0,0.0,0.0,0,0,0,51,0,51,0,3.668736,1.350913,0.067546,1.452819,5.768002,7.220821,0.0,0.0,0.0,210,2289,2499,0.084034,1995,0.798319,134,0,49,2,1,0,0,1,0,0,0.799999,1.0,1,0,0.0,0,1,0,0,sf7_15km_connected90_singleflow,50,15000.0,0.5,unicast,7,2.75,0,connected-multihop,0.9,2,4,1,2.0,1,0,0,0.0,0.04081632653061224,0.0,0.0010335037404364687,0.2968197157015867,0.9872075339937633,0.9999683815105762,0.9999999997740185,0.5085714285714286,0.3020408163265306
smart-calm-no-confidence,19,20.0,1,1,0,0.0,0.0,0.0,0.0,0.0,0.0,0.0,0.0,0,0,0,52,1,51,0,3.740672,1.422849,0.071142,1.481306,5.887812,7.369118,0.0,0.0,0.0,246,2302,2548,0.096546,1994,0.782575,134,0,49,2,1,0,0,1,1,0,0.585926,0.980769,1,0,0.0,0,1,0,0,sf7_15km_connected90_singleflow,50,15000.0,0.5,unicast,7,2.75,0,connected-multihop,0.9,2,4,1,2.0,1,0,0,0.0,0.04081632653061224,0.0,0.0010335037404364687,0.2968197157015867,0.9872075339937633,0.9999683815105762,0.9999999997740185,0.5085714285714286,0.3020408163265306
meshtastic-like,20,20.0,2,2,0,0.5,1.0,0.0,1.378613,1.161742,1.378613,1.227441,1.378613,2,1,0,26,23,3,3,1.870336,1.561515,0.078076,0.740653,3.080832,3.821485,3.821485,1.870336,1.161742,436,838,1274,0.342229,541,0.424647,274,89,0,0,0,0,0,0,0,0,0.0,0.115385,0,0,0.0,-1,0,0,0,sf7_15km_connected90_singleflow,50,15000.0,0.5,unicast,7,2.75,0,connected-multihop,0.9,2,4,1,2.0,1,0,0,0.0,0.0,0.0,0.000325725236153966,0.27942299048434954,0.9845472732108489,0.9999661595007157,0.9999999999801213,0.52,0.30122448979591837
meshcore-like,20,20.0,2,2,0,0.0,0.0,0.0,0.0,0.0,0.0,0.0,0.0,0,0,0,51,0,51,0,3.668736,1.541087,0.077054,1.452819,5.83891,7.291729,0.0,0.0,0.0,265,2234,2499,0.106042,1981,0.792717,183,0,49,2,1,0,0,2,0,0,0.0,1.0,0,0,0.0,-1,0,0,0,sf7_15km_connected90_singleflow,50,15000.0,0.5,unicast,7,2.75,0,connected-multihop,0.9,2,4,1,2.0,1,0,0,0.0,0.04081632653061224,0.0,0.000325725236153966,0.27942299048434954,0.9845472732108489,0.9999661595007157,0.9999999999801213,0.52,0.30122448979591837
calm-mesh,20,20.0,2,2,0,0.5,0.5,0.0,0.575488,0.287744,0.575488,0.287744,0.575488,1,1,0,62,5,57,4,4.460032,2.296579,0.114829,1.766173,7.161711,8.927884,8.927884,4.460032,0.287744,653,2385,3038,0.214944,1939,0.638249,210,0,49,4,1,1,1,1,0,0,0.66941,0.919355,0,0,0.0,-1,0,0,0,sf7_15km_connected90_singleflow,50,15000.0,0.5,unicast,7,2.75,0,connected-multihop,0.9,2,4,1,2.0,1,1,1,1.0,0.08163265306122448,4.0,0.000325725236153966,0.27942299048434954,0.9845472732108489,0.9999661595007157,0.9999999999801213,0.52,0.30122448979591837
smart-calm,20,20.0,2,2,0,0.0,0.0,0.0,0.0,0.0,0.0,0.0,0.0,0,0,0,51,1,50,0,3.668736,1.648744,0.082437,1.452819,5.856026,7.308845,0.0,0.0,0.0,347,2152,2499,0.138856,1847,0.739096,249,0,49,1,1,0,0,2,1,0,0.76,0.980392,1,0,0.0,0,2,0,0,sf7_15km_connected90_singleflow,50,15000.0,0.5,unicast,7,2.75,0,connected-multihop,0.9,2,4,1,2.0,1,0,0,0.0,0.02040816326530612,0.0,0.000325725236153966,0.27942299048434954,0.9845472732108489,0.9999661595007157,0.9999999999801213,0.52,0.30122448979591837
smart-calm-static,20,20.0,2,2,0,1.0,1.0,0.0,8.075488,7.787744,8.075488,14.537744,14.825488,2,2,0,70,9,61,8,5.03552,2.872067,0.143603,1.994066,8.120193,10.114258,5.057129,2.51776,7.787744,935,2495,3430,0.272595,1939,0.565306,210,0,49,4,1,1,1,1,0,0,0.669025,0.871429,0,0,0.0,1,0,2,0,sf7_15km_connected90_singleflow,50,15000.0,0.5,unicast,7,2.75,0,connected-multihop,0.9,2,4,1,2.0,1,1,1,1.0,0.08163265306122448,4.0,0.000325725236153966,0.27942299048434954,0.9845472732108489,0.9999661595007157,0.9999999999801213,0.52,0.30122448979591837
smart-calm-no-fallback,20,20.0,2,2,0,0.0,0.0,0.0,0.0,0.0,0.0,0.0,0.0,0,0,0,50,0,50,0,3.5968,1.576808,0.07884,1.424333,5.736215,7.160548,0.0,0.0,0.0,322,2128,2450,0.131429,1847,0.753878,249,0,49,1,1,0,0,2,0,0,0.76,1.0,1,0,0.0,0,2,0,0,sf7_15km_connected90_singleflow,50,15000.0,0.5,unicast,7,2.75,0,connected-multihop,0.9,2,4,1,2.0,1,0,0,0.0,0.02040816326530612,0.0,0.000325725236153966,0.27942299048434954,0.9845472732108489,0.9999661595007157,0.9999999999801213,0.52,0.30122448979591837
smart-calm-no-confidence,20,20.0,2,2,0,0.0,0.0,0.0,0.0,0.0,0.0,0.0,0.0,0,0,0,51,1,50,0,3.668736,1.648744,0.082437,1.452819,5.856026,7.308845,0.0,0.0,0.0,347,2152,2499,0.138856,1847,0.739096,249,0,49,1,1,0,0,2,1,0,0.76,0.980392,1,0,0.0,0,2,0,0,sf7_15km_connected90_singleflow,50,15000.0,0.5,unicast,7,2.75,0,connected-multihop,0.9,2,4,1,2.0,1,0,0,0.0,0.02040816326530612,0.0,0.000325725236153966,0.27942299048434954,0.9845472732108489,0.9999661595007157,0.9999999999801213,0.52,0.30122448979591837
