protocol,seed,duration_s,flows,unicast_flows,broadcast_flows,unicast_pdr,destination_unicast_pdr,broadcast_coverage,avg_delay_s,unicast_delivery_delay_s,unicast_ack_delay_s,p95_unicast_delivery_delay_s,p95_unicast_ack_delay_s,unicast_deliveries,unicast_acks,broadcast_deliveries,tx_count,data_tx,control_tx,ack_tx,total_airtime_s,channel_busy_time_s,channel_busy_ratio,tx_energy_j,rx_energy_j,total_energy_j,energy_per_delivery_j,airtime_per_delivery_s,mean_delivery_delay_s,rx_success,rx_fail,rx_attempts,packet_reception_ratio,collision_fail,collision_rate,duplicate_rx,suppressed_forwards,route_requests,route_replies,route_discovery_attempts,route_discovery_successes,route_cache_hits,route_cache_misses,fallback_forward_count,route_repair_count,mean_path_confidence,control_overhead_ratio,policy_switch_count,policy_update_count,policy_reward_total,active_profile_index,profile_lean_count,profile_balanced_count,profile_rescue_count
meshtastic-like,1,1200.0,117,55,62,0.836364,0.945455,0.935155,0.493568,0.400789,0.493568,0.246784,0.493568,52,46,2841,4637,4584,53,53,1144.337408,164.146966,0.136789,453.157614,1494.288615,1947.446229,0.674557,0.396376,0.554396,10452,216761,227213,0.046001,119183,0.524543,2748,1768,0,0,0,0,0,0,0,0,0.0,0.01143,0,0,0.0,-1,0,0,0
meshcore-like,1,1200.0,117,55,62,0.709091,0.781818,0.91738,1.184886,0.926044,1.184886,2.493568,2.740352,43,39,2787,3584,2890,694,43,884.473856,115.189992,0.095992,350.251647,1093.962335,1444.213982,0.511045,0.312977,0.458838,9359,166257,175616,0.053292,75866,0.431999,1303,0,638,13,14,13,35,20,0,0,0.0,0.193638,0,0,0.0,-1,0,0,0
calm-mesh,1,1200.0,117,55,62,0.745455,0.8,0.949638,1.254743,1.007124,1.254743,2.493568,2.740352,44,41,2885,3420,2625,795,44,844.00128,119.984671,0.099987,334.224507,1061.147743,1395.37225,0.476887,0.288449,0.518317,9756,157824,167580,0.058217,75678,0.451593,1288,795,736,15,16,14,36,19,44,8,0.949115,0.232456,0,0,0.0,-1,0,0,0
smart-calm,1,1200.0,117,55,62,0.927273,0.981818,0.933509,2.335949,2.289647,2.335949,15.246784,15.493568,54,51,2836,3234,2608,626,57,798.099456,125.417299,0.104514,316.047385,1006.154782,1322.202166,0.457985,0.276446,0.563439,10802,147664,158466,0.068166,70668,0.445951,1429,865,557,12,12,11,43,12,35,5,0.945674,0.193568,1,95,101.86803,0,55,0,0
smart-calm-static,1,1200.0,117,55,62,0.945455,0.981818,0.951284,4.555264,3.921876,4.555264,15.246784,15.493568,54,52,2890,3577,2771,806,58,882.746368,135.500734,0.112917,349.567562,1118.296469,1467.864031,0.498934,0.30005,0.63925,11145,164128,175273,0.063587,80222,0.457697,1567,886,733,15,16,14,36,19,163,8,0.945503,0.225328,0,0,0.0,1,0,55,0
smart-calm-no-fallback,1,1200.0,117,55,62,0.927273,0.963636,0.932521,2.335949,2.298003,2.335949,15.246784,15.493568,53,51,2833,3225,2569,656,56,795.8784,125.319056,0.104433,315.167846,1003.235692,1318.403539,0.457144,0.275963,0.5477,10794,147231,158025,0.068306,70417,0.445607,1445,818,588,12,12,11,43,12,0,5,0.945674,0.203411,1,94,103.156141,0,55,0,0
smart-calm-no-confidence,1,1200.0,117,55,62,0.927273,0.981818,0.933509,2.335949,2.289647,2.335949,15.246784,15.493568,54,51,2836,3234,2608,626,57,798.099456,125.417299,0.104514,316.047385,1006.154782,1322.202166,0.457985,0.276446,0.563439,10802,147664,158466,0.068166,70668,0.445951,1429,865,557,12,12,11,43,12,35,5,0.945674,0.193568,1,95,97.792435,0,55,0,0
meshtastic-like,2,1200.0,125,69,56,0.782609,0.913043,0.944242,0.494388,0.382036,0.494388,0.246784,0.493568,63,54,2591,4868,4800,68,68,1201.344512,176.332445,0.146944,475.732427,1575.251407,2050.983834,0.775419,0.454195,0.716853,11520,227012,238532,0.048295,126216,0.529137,3072,2010,0,0,0,0,0,0,0,0,0.0,0.013969,0,0,0.0,-1,0,0,0
meshcore-like,2,1200.0,125,69,56,0.318841,0.347826,0.950802,1.006214,0.810325,1.006214,2.493568,2.740352,24,22,2609,3233,2691,542,24,797.852672,104.798623,0.087332,315.949658,989.093207,1305.042865,0.496025,0.303251,0.426361,7512,150905,158417,0.047419,69899,0.441234,1797,0,509,9,11,6,19,50,0,0,0.0,0.167646,0,0,0.0,-1,0,0,0
calm-mesh,2,1200.0,125,69,56,0.478261,0.521739,0.965015,1.196339,0.925981,1.196339,2.493568,2.740352,36,33,2648,3156,2452,704,39,778.850304,119.720769,0.099767,308.42472,997.439454,1305.864174,0.487081,0.290507,0.518387,8691,145953,154644,0.0562,74506,0.48179,1639,836,654,11,16,7,29,40,120,9,0.948611,0.223067,0,0,0.0,-1,0,0,0
smart-calm,2,1200.0,125,69,56,0.884058,0.913043,0.912536,5.970216,4.734279,5.970216,15.246784,15.493568,63,61,2504,3407,2609,798,72,840.793088,147.33389,0.122778,332.954063,1090.321862,1423.275924,0.554883,0.327795,0.594822,12411,154532,166943,0.074343,80656,0.483135,2194,974,713,13,17,10,39,30,373,9,0.917447,0.234224,7,107,108.359874,0,40,29,0
smart-calm-static,2,1200.0,125,69,56,0.855072,0.913043,0.937682,7.777909,7.084704,7.777909,15.246784,15.493568,63,59,2573,4117,3393,724,70,1016.009728,150.16376,0.125136,402.339852,1284.307101,1686.646953,0.640823,0.386022,0.690624,11625,190108,201733,0.057626,93478,0.463375,1925,1118,643,11,16,7,29,40,1135,9,0.946924,0.175856,0,0,0.0,1,0,69,0
smart-calm-no-fallback,2,1200.0,125,69,56,0.652174,0.666667,0.928207,4.073139,1.912459,4.073139,15.246784,15.493568,46,45,2547,3068,2318,750,52,757.133312,120.222515,0.100185,299.824792,964.146735,1263.971527,0.487643,0.292104,0.439531,10276,140056,150332,0.068355,69311,0.461053,1671,726,685,13,16,9,37,32,0,8,0.946369,0.244459,5,106,57.968778,0,67,2,0
smart-calm-no-confidence,2,1200.0,125,69,56,0.884058,0.913043,0.912536,5.970216,4.734279,5.970216,15.246784,15.493568,63,61,2504,3407,2609,798,72,840.793088,147.33389,0.122778,332.954063,1090.321862,1423.275924,0.554883,0.327795,0.594822,12411,154532,166943,0.074343,80656,0.483135,2194,974,713,13,17,10,39,30,373,9,0.917447,0.234224,7,107,104.660922,0,40,29,0
meshtastic-like,3,1200.0,125,79,46,0.810127,0.962025,0.934783,0.656413,0.835334,0.656413,4.049671,1.937769,76,64,2107,4910,4818,92,92,1211.70944,176.766024,0.147305,479.836938,1584.000288,2063.837226,0.950639,0.558134,0.423076,12374,228216,240590,0.051432,125255,0.520616,2726,1909,0,0,0,0,0,0,0,0,0.0,0.018737,0,0,0.0,-1,0,0,0
meshcore-like,3,1200.0,125,79,46,0.607595,0.632911,0.978261,0.91484,0.651205,0.91484,2.493568,2.740352,50,48,2205,2908,2306,602,50,717.647872,93.630746,0.078026,284.188557,871.11334,1155.301898,0.512784,0.31853,0.316182,8994,133498,142492,0.063119,56733,0.398149,921,0,541,11,13,10,45,34,0,0,0.0,0.207015,0,0,0.0,-1,0,0,0
calm-mesh,3,1200.0,125,79,46,0.683544,0.721519,0.978261,1.103964,0.920206,1.103964,2.493568,2.740352,57,54,2205,2997,2189,808,59,739.611648,110.629877,0.092192,292.886213,918.875684,1211.761896,0.536415,0.327407,0.336202,10376,136477,146853,0.070656,62148,0.423199,1181,625,735,14,18,13,50,29,166,10,0.951789,0.269603,0,0,0.0,-1,0,0,0
smart-calm,3,1200.0,125,79,46,0.949367,0.974684,0.974268,8.157849,7.711993,8.157849,15.246784,15.493568,77,75,2196,2831,2150,681,79,698.645504,110.157009,0.091798,276.66362,867.581913,1144.245533,0.503851,0.307638,0.56017,11669,127050,138719,0.08412,56528,0.4075,810,474,590,12,14,9,33,46,116,6,0.948153,0.240551,1,118,122.072532,0,79,0,0
smart-calm-static,3,1200.0,125,79,46,0.848101,0.898734,0.934783,4.280353,3.928264,4.280353,15.246784,15.493568,71,67,2107,3353,2528,825,77,827.466752,128.452093,0.107043,327.676834,1032.418199,1360.095033,0.625619,0.380619,0.446182,12088,152209,164297,0.073574,70047,0.426344,1258,673,734,14,17,13,51,28,572,9,0.952474,0.246048,0,0,0.0,1,0,79,0
smart-calm-no-fallback,3,1200.0,125,79,46,0.696203,0.696203,0.958296,3.26486,1.927167,3.26486,15.246784,15.493568,55,55,2160,2678,1968,710,59,660.887552,103.098545,0.085915,261.711471,827.738019,1089.44949,0.491851,0.298369,0.289906,10195,121027,131222,0.077693,55979,0.426598,1104,537,639,12,15,9,48,31,0,8,0.94157,0.265123,3,118,62.839605,2,72,7,0
smart-calm-no-confidence,3,1200.0,125,79,46,0.949367,0.974684,0.974268,8.157849,7.711993,8.157849,15.246784,15.493568,77,75,2196,2831,2150,681,79,698.645504,110.157009,0.091798,276.66362,867.581913,1144.245533,0.503851,0.307638,0.56017,11669,127050,138719,0.08412,56528,0.4075,810,474,590,12,14,9,33,46,116,6,0.948153,0.240551,1,118,118.676218,0,79,0,0
meshtastic-like,4,1200.0,123,53,70,0.811321,0.962264,0.907872,0.821099,0.900996,0.821099,4.505331,2.38258,51,43,3114,4546,4484,62,62,1121.880064,174.2826,0.145236,444.264505,1487.880039,1932.144545,0.612019,0.355363,0.494251,11405,211104,222509,0.051256,120676,0.542342,3446,2144,0,0,0,0,0,0,0,0,0.0,0.013638,0,0,0.0,-1,0,0,0
meshcore-like,4,1200.0,123,53,70,0.433962,0.490566,0.969388,1.079686,0.938102,1.079686,2.493568,2.740352,26,23,3325,4050,3408,642,26,999.4752,131.505191,0.109588,395.792179,1248.221116,1644.013295,0.491043,0.298529,0.461591,9412,188793,198205,0.047486,89577,0.451941,2445,0,605,11,14,9,24,29,0,0,0.0,0.158519,0,0,0.0,-1,0,0,0
calm-mesh,4,1200.0,123,53,70,0.509434,0.641509,0.933819,1.159282,1.397025,1.159282,3.998228,2.740352,34,27,3203,3814,2893,921,35,941.234176,148.69865,0.123916,372.728734,1214.106354,1586.835088,0.49128,0.291404,0.481439,10318,176568,186886,0.05521,92370,0.494259,2462,1115,872,14,18,10,27,26,147,11,0.952659,0.241479,0,0,0.0,-1,0,0,0
smart-calm,4,1200.0,123,53,70,0.867925,0.90566,0.962682,6.072287,5.631531,6.072287,15.246784,15.493568,48,46,3302,3599,2901,698,51,888.175616,129.729521,0.108108,351.717544,1122.725432,1474.442976,0.440395,0.265285,0.526742,11075,165276,176351,0.062801,80301,0.455348,1552,948,635,12,13,10,33,20,34,5,0.947942,0.193943,5,93,85.818416,0,52,1,0
smart-calm-static,4,1200.0,123,53,70,0.886792,0.924528,0.962682,7.028653,6.307721,7.028653,15.246784,15.493568,49,47,3302,4139,3269,870,55,1021.438976,154.627062,0.128856,404.489834,1298.936101,1703.425936,0.508637,0.304998,0.565009,12172,190541,202713,0.060045,94793,0.467622,2277,1165,799,16,17,11,27,26,425,9,0.95002,0.210196,0,0,0.0,1,0,53,0
smart-calm-no-fallback,4,1200.0,123,53,70,0.754717,0.773585,0.95481,4.659094,3.989902,4.659094,15.246784,15.493568,41,40,3275,3485,2793,692,44,860.04224,124.066307,0.103389,340.576727,1086.505236,1427.081963,0.430492,0.25944,0.505549,10478,160287,170765,0.061359,77834,0.455796,1683,960,636,12,13,10,33,20,0,5,0.946362,0.198565,5,93,65.996245,0,46,7,0
smart-calm-no-confidence,4,1200.0,123,53,70,0.867925,0.90566,0.962682,6.072287,5.631531,6.072287,15.246784,15.493568,48,46,3302,3599,2901,698,51,888.175616,129.729521,0.108108,351.717544,1122.725432,1474.442976,0.440395,0.265285,0.526742,11075,165276,176351,0.062801,80301,0.455348,1552,948,635,12,13,10,33,20,34,5,0.947942,0.193943,5,93,82.40386,0,52,1,0
meshtastic-like,5,1200.0,105,54,51,0.833333,0.962963,0.957183,0.822065,0.741639,0.822065,3.361757,2.916156,52,45,2392,4219,4153,66,66,1041.181696,156.182787,0.130152,412.307952,1366.502957,1778.810908,0.729918,0.427239,0.356494,10279,196452,206731,0.049722,109334,0.528871,2779,1734,0,0,0,0,0,0,0,0,0.0,0.015644,0,0,0.0,-1,0,0,0
meshcore-like,5,1200.0,105,54,51,0.518519,0.518519,1.0,1.135506,0.888722,1.135506,2.493568,2.740352,28,28,2499,3135,2581,554,28,773.66784,95.68539,0.079738,306.372465,949.752604,1256.125069,0.497082,0.306161,0.286675,7294,146321,153615,0.047482,65511,0.426462,1121,0,517,9,12,8,23,31,0,0,0.0,0.176715,0,0,0.0,-1,0,0,0
calm-mesh,5,1200.0,105,54,51,0.740741,0.814815,0.979192,1.217603,1.100737,1.217603,2.493568,2.740352,44,40,2447,3316,2381,935,47,818.335744,124.772094,0.103977,324.060955,1033.366064,1357.427019,0.545809,0.329045,0.415163,9905,152579,162484,0.06096,74084,0.455946,1702,747,874,14,21,14,33,21,167,13,0.955267,0.281966,0,0,0.0,-1,0,0,0
smart-calm,5,1200.0,105,54,51,0.833333,0.851852,0.989996,3.183679,2.289778,3.183679,12.227471,15.493568,46,45,2474,3371,2356,1015,48,831.908864,127.002422,0.105835,329.43591,1060.74511,1390.18102,0.551878,0.330254,0.386914,10503,154676,165179,0.063586,77263,0.467753,1636,735,953,14,22,14,32,22,132,14,0.955717,0.301098,7,94,85.479719,0,29,24,1
smart-calm-static,5,1200.0,105,54,51,0.851852,0.888889,0.979192,3.731859,2.904574,3.731859,15.246784,15.493568,48,46,2447,3334,2393,941,53,822.777856,128.720638,0.107267,325.820031,1040.730893,1366.550924,0.548155,0.330035,0.450966,10587,152779,163366,0.064805,74278,0.454672,1702,747,874,14,21,14,33,21,167,13,0.951965,0.282244,0,0,0.0,1,0,54,0
smart-calm-no-fallback,5,1200.0,105,54,51,0.722222,0.722222,0.998399,3.424712,2.840666,3.424712,15.246784,15.493568,39,39,2495,3067,2279,788,40,756.886528,109.767104,0.091473,299.727065,944.91262,1244.639685,0.491176,0.298692,0.368311,9197,141086,150283,0.061198,65824,0.438,1401,594,734,14,17,12,29,25,0,9,0.950035,0.256929,8,94,59.280431,1,6,48,0
smart-calm-no-confidence,5,1200.0,105,54,51,0.833333,0.851852,0.989996,3.183679,2.289778,3.183679,12.227471,15.493568,46,45,2474,3371,2356,1015,48,831.908864,127.002422,0.105835,329.43591,1060.74511,1390.18102,0.551878,0.330254,0.386914,10503,154676,165179,0.063586,77263,0.467753,1636,735,953,14,22,14,32,22,132,14,0.955717,0.301098,7,94,81.973211,0,29,24,1
meshtastic-like,6,1200.0,107,62,45,0.870968,0.951613,0.975964,0.526757,0.343229,0.526757,0.387574,0.493568,59,54,2152,4110,4049,61,61,1014.28224,156.031667,0.130026,401.655767,1339.870459,1741.526226,0.78945,0.459783,0.759396,10489,190852,201341,0.052096,108009,0.536448,2860,1743,0,0,0,0,0,0,0,0,0.0,0.014842,0,0,0.0,-1,0,0,0
meshcore-like,6,1200.0,107,62,45,0.806452,0.83871,0.911111,1.032796,0.80848,1.032796,2.493568,2.740352,52,50,2009,2857,2110,747,52,705.061888,100.451398,0.083709,279.204508,877.245106,1156.449614,0.561656,0.342429,0.371558,9383,130610,139993,0.067025,59758,0.426864,1178,0,680,15,15,13,43,19,0,0,0.0,0.261463,0,0,0.0,-1,0,0,0
calm-mesh,6,1200.0,107,62,45,0.806452,0.870968,0.954195,1.02786,0.824713,1.02786,2.493568,2.740352,54,50,2104,2671,1924,747,54,659.160064,106.312231,0.088594,261.027385,836.85598,1097.883365,0.509695,0.306017,0.49947,9705,121174,130879,0.074152,58977,0.450622,1236,653,679,14,15,13,43,19,43,8,0.95191,0.279671,0,0,0.0,-1,0,0,0
smart-calm,6,1200.0,107,62,45,0.951613,0.951613,0.951474,2.469214,1.474288,2.469214,6.481983,15.493568,59,59,2098,2641,1925,716,66,651.756544,113.007378,0.094173,258.095591,838.56717,1096.662762,0.50842,0.302159,0.57192,10606,118803,129409,0.081957,59983,0.463515,1323,663,638,12,14,12,47,15,34,6,0.959219,0.271109,1,99,110.327966,0,62,0,0
smart-calm-static,6,1200.0,107,62,45,0.951613,0.951613,0.952834,4.213362,3.025791,4.213362,15.246784,15.493568,59,59,2101,2930,2175,755,62,723.07712,113.274081,0.094395,286.33854,914.060864,1200.399403,0.55574,0.334758,0.553509,10445,133125,143570,0.072752,63974,0.445594,1164,668,679,14,15,12,43,19,259,9,0.951524,0.257679,0,0,0.0,1,0,62,0
smart-calm-no-fallback,6,1200.0,107,62,45,0.870968,0.870968,0.929705,3.094824,2.083106,3.094824,15.246784,15.493568,54,54,2050,2589,1788,801,57,638.923776,110.989427,0.092491,253.013815,821.664971,1074.678787,0.510779,0.303671,0.619344,10327,116534,126861,0.081404,58747,0.463082,1422,674,729,15,16,13,42,20,0,9,0.959637,0.309386,3,99,90.859188,0,45,17,0
smart-calm-no-confidence,6,1200.0,107,62,45,0.951613,0.951613,0.951474,2.469214,1.474288,2.469214,6.481983,15.493568,59,59,2098,2641,1925,716,66,651.756544,113.007378,0.094173,258.095591,838.56717,1096.662762,0.50842,0.302159,0.57192,10606,118803,129409,0.081957,59983,0.463515,1323,663,638,12,14,12,47,15,34,6,0.959219,0.271109,1,99,105.899182,0,62,0,0
meshtastic-like,7,1200.0,128,68,60,0.911765,0.985294,0.965986,0.493568,0.439775,0.493568,0.949175,0.493568,67,62,2840,5122,5048,74,74,1264.027648,178.639231,0.148866,500.554949,1648.698383,2149.253331,0.740611,0.435571,0.512845,12106,238872,250978,0.048235,130518,0.520038,2842,1890,0,0,0,0,0,0,0,0,0.0,0.014447,0,0,0.0,-1,0,0,0
meshcore-like,7,1200.0,128,68,60,0.808824,0.823529,0.948299,0.983775,0.728238,0.983775,2.493568,2.740352,56,55,2788,3599,2903,696,56,888.175616,124.893968,0.104078,351.717544,1102.509899,1454.227443,0.511512,0.312408,0.44421,11161,165190,176351,0.063289,75517,0.42822,1740,0,627,13,13,12,46,22,0,0,0.0,0.193387,0,0,0.0,-1,0,0,0
calm-mesh,7,1200.0,128,68,60,0.808824,0.823529,0.967347,0.983775,0.833912,0.983775,2.493568,2.740352,56,55,2844,3309,2562,747,56,816.608256,126.068639,0.105057,323.376869,1035.60571,1358.98258,0.468776,0.281686,0.428155,11080,151061,162141,0.068336,73744,0.454814,1584,813,678,13,14,12,45,23,40,6,0.942795,0.225748,0,0,0.0,-1,0,0,0
smart-calm,7,1200.0,128,68,60,0.955882,0.985294,0.963946,2.405381,1.411957,2.405381,5.638047,15.493568,67,65,2834,3377,2563,814,72,833.389568,144.909074,0.120758,330.022269,1072.22854,1402.250809,0.483702,0.287475,0.496852,12893,152580,165473,0.077916,77366,0.467545,2096,979,730,12,15,12,53,15,89,7,0.953554,0.241042,17,108,122.057346,0,54,11,3
smart-calm-static,7,1200.0,128,68,60,0.941176,0.970588,0.948299,3.926609,3.803066,3.926609,15.246784,15.493568,66,64,2788,3599,2883,716,67,888.175616,137.166391,0.114305,351.717544,1123.111289,1474.828833,0.517121,0.311422,0.571535,12013,164338,176351,0.06812,79889,0.453011,1678,974,636,13,13,11,44,24,473,5,0.939286,0.198944,0,0,0.0,1,0,68,0
smart-calm-no-fallback,7,1200.0,128,68,60,0.941176,0.941176,0.981633,1.456397,0.975238,1.456397,2.093568,2.340352,64,64,2886,3208,2548,660,65,791.683072,130.934753,0.109112,313.506497,1012.311712,1325.818208,0.44943,0.268367,0.49052,12011,145181,157192,0.07641,72183,0.459203,1824,879,585,10,12,9,55,13,0,4,0.951874,0.205736,5,108,117.392724,0,67,1,0
smart-calm-no-confidence,7,1200.0,128,68,60,0.955882,0.985294,0.963946,2.405381,1.411957,2.405381,5.638047,15.493568,67,65,2834,3377,2563,814,72,833.389568,144.909074,0.120758,330.022269,1072.22854,1402.250809,0.483702,0.287475,0.496852,12893,152580,165473,0.077916,77366,0.467545,2096,979,730,12,15,12,53,15,89,7,0.953554,0.241042,17,108,117.235617,0,54,11,3
meshtastic-like,8,1200.0,125,63,62,0.920635,0.984127,0.967742,0.736198,0.49026,0.736198,1.682539,2.207959,62,58,2940,4988,4915,73,73,1230.958592,179.407225,0.149506,487.459602,1617.997614,2105.457217,0.702287,0.410593,0.529927,12036,232376,244412,0.049245,129599,0.530248,2895,1881,0,0,0,0,0,0,0,0,0.0,0.014635,0,0,0.0,-1,0,0,0
meshcore-like,8,1200.0,125,63,62,0.761905,0.761905,0.967742,1.055264,0.80848,1.055264,2.493568,2.740352,48,48,2940,3802,3054,748,48,938.272768,116.526497,0.097105,371.556016,1144.895414,1516.45143,0.507514,0.314014,0.285788,10402,175896,186298,0.055835,76302,0.40957,1413,0,686,14,14,13,39,24,0,0,0.0,0.196739,0,0,0.0,-1,0,0,0
calm-mesh,8,1200.0,125,63,62,0.761905,0.761905,0.983871,1.055264,0.80848,1.055264,2.493568,2.740352,48,48,2989,3447,2699,748,48,850.664448,110.699628,0.09225,336.863121,1045.528937,1382.392058,0.455183,0.2801,0.274055,9995,158908,168903,0.059176,70411,0.416872,960,637,686,14,14,13,39,24,0,6,0.94591,0.217,0,0,0.0,-1,0,0,0
smart-calm,8,1200.0,125,63,62,0.952381,0.968254,0.967413,3.130508,2.074471,3.130508,15.246784,15.518246,61,60,2939,3339,2664,675,74,824.011776,124.443825,0.103703,326.308663,1026.135446,1352.444109,0.450965,0.274762,0.308142,12420,151191,163611,0.075912,68642,0.419544,964,642,588,13,12,11,50,13,2,4,0.920085,0.202156,3,103,120.013661,0,62,0,1
smart-calm-static,8,1200.0,125,63,62,1.0,1.0,0.967742,4.731051,4.484267,4.731051,15.246784,15.493568,63,63,2940,3911,3148,763,63,965.172224,128.210314,0.106842,382.208201,1192.263512,1574.471713,0.5243,0.321403,0.376834,11537,180102,191639,0.060202,81074,0.423056,1075,721,686,14,14,13,39,24,507,6,0.945533,0.195091,0,0,0.0,1,0,63,0
smart-calm-no-fallback,8,1200.0,125,63,62,0.920635,0.936508,0.967413,2.704195,1.627952,2.704195,15.246784,15.567603,59,58,2939,3335,2662,673,72,823.02464,123.456689,0.102881,325.917757,1024.491361,1350.409118,0.450587,0.274616,0.298177,12224,151191,163415,0.074803,68642,0.420047,964,642,588,13,12,11,50,13,0,4,0.920085,0.201799,3,103,113.734406,0,62,0,1
smart-calm-no-confidence,8,1200.0,125,63,62,0.952381,0.968254,0.967413,3.130508,2.074471,3.130508,15.246784,15.518246,61,60,2939,3339,2664,675,74,824.011776,124.443825,0.103703,326.308663,1026.135446,1352.444109,0.450965,0.274762,0.308142,12420,151191,163611,0.075912,68642,0.419544,964,642,588,13,12,11,50,13,2,4,0.920085,0.202156,3,103,115.441593,0,62,0,1
meshtastic-like,9,1200.0,127,58,69,0.827586,0.948276,0.922508,0.703663,0.610743,0.703663,2.649317,2.039391,55,48,3119,4846,4780,66,66,1195.915264,176.737916,0.147282,473.582445,1574.924268,2048.506713,0.646829,0.377618,0.574649,11440,226014,237454,0.048178,127095,0.535241,2990,1932,0,0,0,0,0,0,0,0,0.0,0.013619,0,0,0.0,-1,0,0,0
meshcore-like,9,1200.0,127,58,69,0.672414,0.741379,0.97131,1.127276,0.873793,1.127276,2.493568,2.740352,43,39,3284,4090,3396,694,43,1009.34656,130.83274,0.109027,399.701238,1245.872423,1645.573661,0.495207,0.303746,0.417372,10620,189790,200410,0.052991,86239,0.430313,1988,0,639,12,15,12,35,23,0,0,0.0,0.169682,0,0,0.0,-1,0,0,0
calm-mesh,9,1200.0,127,58,69,0.793103,0.862069,0.983437,1.215485,0.955884,1.215485,2.493568,2.740352,50,46,3325,3851,3049,802,50,950.365184,128.944539,0.107454,376.344613,1182.734531,1559.079143,0.462498,0.281924,0.40282,10948,177751,188699,0.058018,82583,0.437644,1391,851,737,15,17,14,38,20,80,10,0.950379,0.208258,0,0,0.0,-1,0,0,0
smart-calm,9,1200.0,127,58,69,0.948276,0.965517,0.98462,3.346561,2.346457,3.346561,15.246784,15.493568,56,55,3329,3821,3061,760,60,942.961664,142.16504,0.118471,373.412819,1184.101805,1557.514624,0.460258,0.278653,0.515562,12049,175180,187229,0.064354,83434,0.445625,1803,1013,687,13,15,12,40,18,86,8,0.952461,0.198901,3,98,105.361097,0,58,0,0
smart-calm-static,9,1200.0,127,58,69,1.0,1.0,0.983437,4.169571,2.927042,4.169571,15.246784,15.493568,58,58,3325,3958,3144,814,62,976.771072,139.845063,0.116538,386.801345,1225.463961,1612.265306,0.476579,0.288729,0.477637,12217,181725,193942,0.062993,86279,0.44487,1552,964,737,15,17,14,38,20,198,10,0.949307,0.205659,0,0,0.0,1,0,58,0
smart-calm-no-fallback,9,1200.0,127,58,69,0.948276,0.948276,0.968648,4.408379,3.376991,4.408379,15.246784,15.493568,55,55,3275,3706,2948,758,58,914.581504,130.491425,0.108743,362.174276,1134.947023,1497.121298,0.449586,0.274649,0.439594,11615,169979,181594,0.063961,77886,0.428902,1526,821,687,13,15,12,40,18,0,8,0.953386,0.204533,3,98,106.590194,0,58,0,0
smart-calm-no-confidence,9,1200.0,127,58,69,0.948276,0.965517,0.98462,3.346561,2.346457,3.346561,15.246784,15.493568,56,55,3329,3821,3061,760,60,942.961664,142.16504,0.118471,373.412819,1184.101805,1557.514624,0.460258,0.278653,0.515562,12049,175180,187229,0.064354,83434,0.445625,1803,1013,687,13,15,12,40,18,86,8,0.952461,0.198901,3,98,101.265812,0,58,0,0
meshtastic-like,10,1200.0,133,72,61,0.861111,0.930556,0.936768,0.606133,0.537116,0.606133,3.163145,0.493568,67,62,2800,5055,4980,75,75,1247.49312,181.217067,0.151014,494.007276,1639.504929,2133.512204,0.745462,0.435882,0.467642,12413,235282,247695,0.050114,130925,0.528573,3200,2106,0,0,0,0,0,0,0,0,0.0,0.014837,0,0,0.0,-1,0,0,0
meshcore-like,10,1200.0,133,72,61,0.722222,0.75,0.96554,1.012057,0.746069,1.012057,2.493568,2.740352,54,52,2886,3710,3006,704,54,915.56864,122.209702,0.101841,362.565181,1126.709822,1489.275003,0.506901,0.31163,0.351184,10914,170876,181790,0.060036,75973,0.417916,1626,0,638,12,14,12,49,23,0,0,0.0,0.189757,0,0,0.0,-1,0,0,0
calm-mesh,10,1200.0,133,72,61,0.847222,0.902778,0.978923,1.04201,0.834114,1.04201,2.493568,2.740352,65,61,2926,3470,2655,815,65,856.34048,130.975684,0.109146,339.11083,1075.801908,1414.912738,0.47369,0.286689,0.422735,12083,157947,170030,0.071064,74460,0.437923,1555,866,736,14,16,14,56,16,83,8,0.950514,0.23487,0,0,0.0,-1,0,0,0
smart-calm,10,1200.0,133,72,61,0.986111,1.0,0.962864,3.519217,2.437669,3.519217,15.246784,15.493568,72,71,2878,3330,2672,658,77,821.79072,135.082172,0.112568,325.429125,1040.001121,1365.430246,0.463015,0.278668,0.505086,12697,150473,163170,0.077815,72134,0.442079,1517,897,570,11,14,10,57,15,112,7,0.951469,0.197598,1,112,130.84745,0,72,0,0
smart-calm-static,10,1200.0,133,72,61,0.986111,1.0,0.978923,3.079819,2.237691,3.079819,15.246784,15.493568,72,71,2926,3490,2665,825,75,861.27616,135.868031,0.113223,341.065359,1084.013944,1425.079303,0.475502,0.287379,0.457404,13037,157973,171010,0.076235,74484,0.435553,1555,866,736,14,16,14,56,16,83,8,0.948895,0.23639,0,0,0.0,1,0,72,0
smart-calm-no-fallback,10,1200.0,133,72,61,0.958333,0.972222,0.979592,2.588661,2.100074,2.588661,15.246784,15.493568,70,69,2928,3295,2589,706,72,813.15328,130.612324,0.108844,322.008699,1027.82986,1349.838559,0.450397,0.271322,0.427255,12491,148964,161455,0.077365,71145,0.440649,1464,865,622,12,14,12,58,14,0,7,0.954109,0.214264,5,112,125.358994,0,53,19,0
smart-calm-no-confidence,10,1200.0,133,72,61,0.986111,1.0,0.962864,3.519217,2.437669,3.519217,15.246784,15.493568,72,71,2878,3330,2672,658,77,821.79072,135.082172,0.112568,325.429125,1040.001121,1365.430246,0.463015,0.278668,0.505086,12697,150473,163170,0.077815,72134,0.442079,1517,897,570,11,14,10,57,15,112,7,0.951469,0.197598,1,112,125.689868,0,72,0,0
meshtastic-like,11,1200.0,140,66,74,0.833333,0.939394,0.878378,0.607477,0.526073,0.607477,2.845019,0.493568,62,55,3185,5185,5115,70,70,1279.57504,177.464147,0.147887,506.711716,1658.71388,2165.425595,0.668341,0.394931,0.351138,11985,242080,254065,0.047173,129986,0.511625,2902,2008,0,0,0,0,0,0,0,0,0.0,0.0135,0,0,0.0,-1,0,0,0
meshcore-like,11,1200.0,140,66,74,0.681818,0.69697,0.90513,0.942925,0.735215,0.942925,2.493568,2.740352,46,45,3282,4147,3400,747,46,1023.413248,142.966367,0.119139,405.271646,1265.903416,1671.175062,0.502307,0.307608,0.534406,11011,192192,203203,0.054187,88436,0.43521,2182,0,687,14,15,11,41,25,0,0,0.0,0.18013,0,0,0.0,-1,0,0,0
calm-mesh,11,1200.0,140,66,74,0.69697,0.727273,0.928847,0.976634,0.88055,0.976634,2.493568,2.740352,48,46,3368,3845,3048,797,51,948.88448,141.474115,0.117895,375.758254,1193.706281,1569.464535,0.459714,0.277939,0.497131,11240,177165,188405,0.059659,85558,0.454117,1935,992,732,14,16,12,42,24,83,9,0.945911,0.207282,0,0,0.0,-1,0,0,0
smart-calm,11,1200.0,140,66,74,0.954545,0.969697,0.917816,3.878029,3.433314,3.878029,15.246784,15.493568,64,63,3328,3729,3064,665,65,920.257536,135.950216,0.113292,364.421984,1147.336377,1511.758361,0.445815,0.271382,0.495867,12005,170716,182721,0.065701,79568,0.435462,1493,894,589,11,13,10,46,20,94,7,0.955282,0.178332,5,106,116.476052,0,65,0,1
smart-calm-static,11,1200.0,140,66,74,0.954545,0.984848,0.940982,5.871104,5.134356,5.871104,15.246784,15.493568,65,63,3412,4230,3363,867,70,1043.89632,167.487235,0.139573,413.382943,1323.588986,1736.971929,0.499848,0.300402,0.684286,13279,193991,207270,0.064066,95608,0.461273,2151,1115,782,15,16,12,43,23,342,8,0.947003,0.204965,0,0,0.0,1,0,66,0
smart-calm-no-fallback,11,1200.0,140,66,74,0.848485,0.848485,0.931054,2.665373,2.18371,2.665373,15.246784,15.493568,56,56,3376,3660,3003,657,57,903.22944,130.633356,0.108861,357.678858,1123.304217,1480.983076,0.431522,0.263179,0.44687,11324,168016,179340,0.063143,77693,0.433216,1434,847,589,11,13,10,46,20,0,7,0.955754,0.179508,3,105,91.986328,0,66,0,0
smart-calm-no-confidence,11,1200.0,140,66,74,0.954545,0.969697,0.917816,3.878029,3.433314,3.878029,15.246784,15.493568,64,63,3328,3729,3064,665,65,920.257536,135.950216,0.113292,364.421984,1147.336377,1511.758361,0.445815,0.271382,0.495867,12005,170716,182721,0.065701,79568,0.435462,1493,894,589,11,13,10,46,20,94,7,0.955282,0.178332,5,106,112.063664,0,65,0,1
meshtastic-like,12,1200.0,132,63,69,0.793651,0.936508,0.954451,0.737118,0.826099,0.737118,5.236713,2.073047,59,50,3227,5039,4960,79,79,1243.544576,187.962154,0.156635,492.443652,1635.629586,2128.073238,0.649397,0.379477,0.579353,12239,234672,246911,0.049568,131446,0.532362,3151,2112,0,0,0,0,0,0,0,0,0.0,0.015678,0,0,0.0,-1,0,0,0
meshcore-like,12,1200.0,132,63,69,0.412698,0.412698,0.987873,1.193388,0.899146,1.193388,2.493568,2.740352,26,26,3340,4022,3430,592,31,992.565248,137.661556,0.114718,393.055838,1248.288221,1641.344059,0.487624,0.29488,0.563489,9722,187356,197078,0.049331,91054,0.46202,2351,0,550,11,12,8,23,40,0,0,0.0,0.14719,0,0,0.0,-1,0,0,0
calm-mesh,12,1200.0,132,63,69,0.793651,0.809524,0.982845,1.162668,0.902764,1.162668,2.493568,2.740352,51,50,3323,3841,2960,881,51,947.897344,144.968403,0.120807,375.367348,1206.565373,1581.932721,0.468999,0.281025,0.492526,11748,176461,188209,0.06242,87948,0.467289,1924,1041,814,16,18,14,42,21,67,10,0.955345,0.229367,0,0,0.0,-1,0,0,0
smart-calm,12,1200.0,132,63,69,0.936508,0.952381,0.976338,3.090535,2.653218,3.090535,15.246784,15.493568,60,59,3301,3635,2975,660,61,897.05984,144.79945,0.120666,355.235697,1149.643128,1504.878825,0.447881,0.266982,0.522213,12127,165988,178115,0.068085,84032,0.471785,1826,1057,588,11,13,9,47,16,86,5,0.951344,0.181568,3,103,120.40603,0,63,0,0
smart-calm-static,12,1200.0,132,63,69,0.936508,0.936508,0.985803,3.348737,2.593479,3.348737,15.246784,15.493568,59,59,3333,4060,3170,890,60,1001.94304,150.557809,0.125465,396.769444,1272.78173,1669.551174,0.492203,0.295384,0.478572,12517,186423,198940,0.062918,92339,0.464155,1744,1006,814,16,18,14,42,21,234,10,0.953599,0.219212,0,0,0.0,1,0,63,0
smart-calm-no-fallback,12,1200.0,132,63,69,0.857143,0.857143,0.970127,1.913757,1.666973,1.913757,15.246784,15.493568,54,54,3280,3484,2833,651,54,859.795456,137.730132,0.114775,340.479001,1100.765156,1441.244156,0.432287,0.257887,0.513072,11505,159211,170716,0.067393,80522,0.471672,1789,1041,587,10,13,9,47,16,0,5,0.951124,0.186854,1,103,100.491424,0,63,0,0
smart-calm-no-confidence,12,1200.0,132,63,69,0.936508,0.952381,0.976338,3.090535,2.653218,3.090535,15.246784,15.493568,60,59,3301,3635,2975,660,61,897.05984,144.79945,0.120666,355.235697,1149.643128,1504.878825,0.447881,0.266982,0.522213,12127,165988,178115,0.068085,84032,0.471785,1826,1057,588,11,13,9,47,16,86,5,0.951344,0.181568,3,103,116.088107,0,63,0,0
meshtastic-like,13,1200.0,129,63,66,0.793651,0.888889,0.934756,0.726745,0.681871,0.726745,3.028368,2.201802,56,50,3023,4937,4872,65,65,1218.372608,170.687043,0.142239,482.475553,1584.579073,2067.054625,0.67265,0.396477,0.645444,11199,230714,241913,0.046294,125551,0.518992,2501,1717,0,0,0,0,0,0,0,0,0.0,0.013166,0,0,0.0,-1,0,0,0
meshcore-like,13,1200.0,129,63,66,0.714286,0.730159,0.969697,0.992853,0.784058,0.992853,2.493568,2.740352,46,45,3136,3953,3256,697,46,975.537152,126.011138,0.105009,386.312712,1188.346228,1574.658941,0.49502,0.306676,0.423074,10554,183143,193697,0.054487,79929,0.41265,1662,0,638,13,14,12,43,20,0,0,0.0,0.176322,0,0,0.0,-1,0,0,0
calm-mesh,13,1200.0,129,63,66,0.777778,0.793651,0.998763,1.084617,0.826012,1.084617,2.493568,2.740352,50,49,3230,3708,2910,798,50,915.075072,135.454192,0.112878,362.369729,1138.881083,1501.250811,0.457838,0.279071,0.492856,11222,170421,181643,0.061781,79174,0.435877,1596,849,733,15,16,14,46,17,36,8,0.949772,0.21521,0,0,0.0,-1,0,0,0
smart-calm,13,1200.0,129,63,66,0.936508,0.952381,0.978355,6.051661,5.712242,6.051661,15.246784,15.493568,60,59,3164,3460,2851,609,61,853.87264,128.591151,0.107159,338.133565,1074.090718,1412.224283,0.438171,0.264931,0.487961,11406,157938,169344,0.067354,75120,0.443594,1338,762,537,11,11,8,36,27,19,3,0.950937,0.176012,3,100,118.559168,0,62,0,1
smart-calm-static,13,1200.0,129,63,66,0.952381,0.952381,0.999072,3.726258,2.979474,3.726258,15.246784,15.493568,60,60,3231,3816,3006,810,62,941.727744,142.870025,0.119058,372.924187,1172.098308,1545.022495,0.469469,0.286152,0.54619,12466,174518,186984,0.066669,80649,0.431315,1697,886,733,15,16,14,46,17,119,8,0.948351,0.212264,0,0,0.0,1,0,63,0
smart-calm-no-fallback,13,1200.0,129,63,66,0.68254,0.68254,0.977427,2.556998,1.961377,2.556998,13.971462,15.493568,43,43,3161,3421,2829,592,44,844.248064,119.950871,0.099959,334.322233,1058.228654,1392.550887,0.434629,0.263498,0.405133,9773,157856,167629,0.058301,75066,0.44781,1326,757,537,11,11,8,36,27,0,3,0.95069,0.173049,4,100,64.059732,1,56,6,1
smart-calm-no-confidence,13,1200.0,129,63,66,0.936508,0.952381,0.978355,6.051661,5.712242,6.051661,15.246784,15.493568,60,59,3164,3460,2851,609,61,853.87264,128.591151,0.107159,338.133565,1074.090718,1412.224283,0.438171,0.264931,0.487961,11406,157938,169344,0.067354,75120,0.443594,1338,762,537,11,11,8,36,27,19,3,0.950937,0.176012,3,100,115.08455,0,62,0,1
meshtastic-like,14,1200.0,114,46,68,0.934783,0.956522,0.92437,0.624995,0.358398,0.624995,0.246784,0.493568,44,43,3080,4459,4412,47,47,1100.409856,147.278892,0.122732,435.762303,1422.879969,1858.642272,0.595146,0.352357,0.465221,9642,208114,217756,0.044279,111707,0.512992,2216,1507,0,0,0,0,0,0,0,0,0.0,0.01054,0,0,0.0,-1,0,0,0
meshcore-like,14,1200.0,114,46,68,0.847826,0.847826,0.960984,1.127276,0.880492,1.127276,2.493568,2.740352,39,39,3202,4093,3304,789,39,1010.086912,131.265004,0.109388,399.994417,1246.862229,1646.856646,0.508132,0.311659,0.481953,10326,190231,200557,0.051487,87037,0.433976,1858,0,735,15,15,13,30,16,0,0,0.0,0.192768,0,0,0.0,-1,0,0,0
calm-mesh,14,1200.0,114,46,68,0.869565,0.869565,0.981393,1.111434,0.86465,1.111434,2.493568,2.740352,40,40,3270,3709,2923,786,40,915.321856,131.508636,0.109591,362.467455,1144.517945,1506.9854,0.455283,0.276532,0.543809,10300,171441,181741,0.056674,81288,0.447274,1610,872,731,15,15,14,31,15,0,7,0.953991,0.211917,0,0,0.0,-1,0,0,0
smart-calm,14,1200.0,114,46,68,0.978261,1.0,0.966687,1.611671,1.070251,1.611671,2.093568,2.340352,46,45,3221,3592,2950,642,47,886.448128,126.846646,0.105706,351.033459,1108.163538,1459.196997,0.446784,0.271417,0.456432,10304,165704,176008,0.058543,78271,0.444701,1385,782,584,11,12,11,34,12,45,5,0.953515,0.178731,1,86,99.550507,0,46,0,0
smart-calm-static,14,1200.0,114,46,68,1.0,1.0,0.980192,3.313451,2.74058,3.313451,15.246784,15.493568,46,46,3266,3755,2962,793,47,926.67392,137.292068,0.11441,366.962872,1159.180498,1526.143371,0.460792,0.279793,0.581445,11042,172953,183995,0.060013,81786,0.444501,1702,880,731,15,15,14,31,15,43,7,0.955206,0.211185,0,0,0.0,1,0,46,0
smart-calm-no-fallback,14,1200.0,114,46,68,0.978261,0.978261,0.966687,1.611671,1.031553,1.611671,2.093568,2.340352,45,45,3221,3551,2906,645,46,876.329984,129.198522,0.107665,347.026674,1100.773544,1447.800218,0.443295,0.268319,0.476901,10369,163630,173999,0.059592,78343,0.45025,1495,806,588,11,12,11,34,12,0,5,0.953515,0.181639,1,86,99.1447,0,46,0,0
smart-calm-no-confidence,14,1200.0,114,46,68,0.978261,1.0,0.966687,1.611671,1.070251,1.611671,2.093568,2.340352,46,45,3221,3592,2950,642,47,886.448128,126.846646,0.105706,351.033459,1108.163538,1459.196997,0.446784,0.271417,0.456432,10304,165704,176008,0.058543,78271,0.444701,1385,782,584,11,12,11,34,12,45,5,0.953515,0.178731,1,86,96.134874,0,46,0,0
meshtastic-like,15,1200.0,135,68,67,0.823529,1.0,0.894304,0.643701,0.77463,0.643701,3.1561,2.243137,68,56,2936,5319,5236,83,83,1312.644096,198.820098,0.165683,519.807062,1719.511467,2239.318529,0.748435,0.438718,0.643422,12938,247693,260631,0.049641,136819,0.524953,3371,2071,0,0,0,0,0,0,0,0,0.0,0.015604,0,0,0.0,-1,0,0,0
meshcore-like,15,1200.0,135,68,67,0.573529,0.573529,0.903747,1.012057,0.765273,1.012057,2.493568,2.740352,39,39,2967,3702,3071,631,39,913.594368,120.712166,0.100593,361.78337,1122.700268,1484.483638,0.49384,0.303924,0.503298,9312,172086,181398,0.051335,77966,0.429806,1615,0,581,11,13,9,34,34,0,0,0.0,0.170448,0,0,0.0,-1,0,0,0
calm-mesh,15,1200.0,135,68,67,0.764706,0.794118,0.91989,1.136933,1.045447,1.136933,2.493568,2.740352,54,52,3020,3799,2860,939,59,937.532416,142.209921,0.118508,371.262837,1187.020895,1558.283731,0.507254,0.305186,0.509129,11498,174653,186151,0.061767,85686,0.460304,1527,813,865,15,19,14,39,29,136,12,0.937663,0.24717,0,0,0.0,-1,0,0,0
smart-calm,15,1200.0,135,68,67,0.897059,0.926471,0.904051,4.296421,3.858529,4.296421,15.246784,15.493568,63,61,2968,3925,2966,959,73,968.6272,156.317127,0.130264,383.576371,1229.918089,1613.49446,0.532682,0.319784,0.545806,12979,179346,192325,0.067485,88623,0.460798,1993,925,872,14,19,13,39,29,315,12,0.936961,0.244331,13,108,101.021382,0,24,44,0
smart-calm-static,15,1200.0,135,68,67,0.897059,0.955882,0.906793,4.714206,4.430069,4.714206,15.246784,15.493568,65,61,2977,4110,3159,951,72,1014.28224,164.614233,0.137179,401.655767,1298.961266,1700.617033,0.559782,0.333865,0.607541,12997,188393,201390,0.064536,95612,0.47476,2122,1047,865,14,19,13,39,29,505,12,0.934506,0.231387,0,0,0.0,1,0,68,0
smart-calm-no-fallback,15,1200.0,135,68,67,0.544118,0.544118,0.911057,3.971077,2.963395,3.971077,15.246784,18.493568,37,37,2991,3578,2665,913,39,882.993152,134.961986,0.112468,349.665288,1123.622969,1473.288257,0.486555,0.291609,0.606203,10178,165144,175322,0.058053,82497,0.470546,1992,917,858,16,20,12,24,44,0,13,0.929509,0.25517,8,106,20.034318,2,29,4,35
smart-calm-no-confidence,15,1200.0,135,68,67,0.897059,0.926471,0.904051,4.296421,3.858529,4.296421,15.246784,15.493568,63,61,2968,3925,2966,959,73,968.6272,156.317127,0.130264,383.576371,1229.918089,1613.49446,0.532682,0.319784,0.545806,12979,179346,192325,0.067485,88623,0.460798,1993,925,872,14,19,13,39,29,315,12,0.936961,0.244331,13,108,97.071761,0,24,44,0
meshtastic-like,16,1200.0,121,53,68,0.90566,0.981132,0.937575,0.687324,0.502608,0.687324,1.862596,2.189007,52,48,3124,4765,4706,59,59,1175.92576,176.867072,0.147389,465.666601,1544.919719,2010.58632,0.633854,0.370721,0.792724,11343,222142,233485,0.048581,124019,0.531165,2947,1808,0,0,0,0,0,0,0,0,0.0,0.012382,0,0,0.0,-1,0,0,0
meshcore-like,16,1200.0,121,53,68,0.735849,0.792453,0.960984,1.012057,0.781733,1.012057,2.493568,2.740352,42,39,3202,3924,3282,642,42,968.380416,134.501492,0.112085,383.478645,1203.218486,1586.697131,0.48957,0.298791,0.62546,10236,182040,192276,0.053236,85172,0.442967,1830,0,588,12,12,11,38,15,0,0,0.0,0.163609,0,0,0.0,-1,0,0,0
calm-mesh,16,1200.0,121,53,68,0.792453,0.849057,0.962785,1.082011,0.845926,1.082011,2.493568,2.740352,45,42,3208,3532,2837,695,45,871.641088,134.645767,0.112205,345.169871,1100.479957,1445.649828,0.444815,0.268197,0.60006,10667,162401,173068,0.061635,79385,0.458693,1801,961,637,13,13,13,40,13,0,5,0.952049,0.196772,0,0,0.0,-1,0,0,0
smart-calm,16,1200.0,121,53,68,0.962264,0.981132,0.960684,3.502741,2.909627,3.502741,15.246784,15.493568,52,51,3201,3465,2861,604,54,855.10656,130.892506,0.109077,338.622198,1076.707832,1415.33003,0.435218,0.262948,0.639822,10966,158819,169785,0.064588,76626,0.451312,1550,914,539,11,11,10,39,14,4,3,0.953078,0.174315,3,93,108.476045,0,53,0,0
smart-calm-static,16,1200.0,121,53,68,1.0,1.0,0.962785,5.162773,3.543286,5.162773,15.246784,21.493568,53,53,3208,3540,2833,707,57,873.61536,142.55404,0.118795,345.951683,1108.373243,1454.324925,0.445975,0.267898,0.665641,11867,161593,173460,0.068413,79672,0.459311,1938,1002,637,13,13,13,40,13,0,5,0.951437,0.199718,0,0,0.0,1,0,53,0
smart-calm-no-fallback,16,1200.0,121,53,68,0.924528,0.924528,0.959184,3.029646,2.170617,3.029646,15.246784,15.493568,49,49,3196,3462,2861,601,51,854.366208,128.376917,0.106981,338.329018,1071.507156,1409.836174,0.434464,0.263287,0.605963,10690,158948,169638,0.063017,75978,0.447883,1485,875,539,11,11,10,39,14,0,3,0.953078,0.173599,3,93,104.362471,0,52,0,1
smart-calm-no-confidence,16,1200.0,121,53,68,0.962264,0.981132,0.960684,3.502741,2.909627,3.502741,15.246784,15.493568,52,51,3201,3465,2861,604,54,855.10656,130.892506,0.109077,338.622198,1076.707832,1415.33003,0.435218,0.262948,0.639822,10966,158819,169785,0.064588,76626,0.451312,1550,914,539,11,11,10,39,14,4,3,0.953078,0.174315,3,93,104.682175,0,53,0,0
meshtastic-like,17,1200.0,107,53,54,0.849057,0.90566,0.981481,0.557181,0.446471,0.557181,1.326638,0.493568,48,45,2597,4158,4106,52,52,1026.127872,141.905141,0.118254,406.346637,1331.750693,1738.097331,0.657872,0.388391,0.305518,9396,194346,203742,0.046117,104808,0.514415,2295,1611,0,0,0,0,0,0,0,0,0.0,0.012506,0,0,0.0,-1,0,0,0
meshcore-like,17,1200.0,107,53,54,0.735849,0.735849,0.981481,1.069666,0.822882,1.069666,2.493568,2.740352,39,39,2597,3335,2697,638,39,823.02464,109.336539,0.091114,325.917757,1014.375206,1340.292963,0.508457,0.312225,0.345081,9374,154041,163415,0.057363,69056,0.422581,1820,0,588,11,12,11,35,18,0,0,0.0,0.191304,0,0,0.0,-1,0,0,0
calm-mesh,17,1200.0,107,53,54,0.735849,0.754717,0.992063,1.127276,0.979471,1.127276,2.493568,2.740352,40,39,2625,3113,2371,742,43,768.238592,111.6573,0.093048,304.222482,962.813013,1267.035496,0.475614,0.288378,0.364504,9224,143313,152537,0.060471,67828,0.444666,1416,734,686,13,14,12,33,20,35,7,0.951481,0.238355,0,0,0.0,-1,0,0,0
smart-calm,17,1200.0,107,53,54,0.943396,0.943396,0.981859,4.125989,3.879205,4.125989,15.246784,15.493568,50,50,2598,2889,2289,600,50,712.958976,111.825458,0.093188,282.331754,901.621181,1183.952935,0.447112,0.269244,0.388743,9957,131604,141561,0.070337,63481,0.448436,1378,713,538,12,11,9,35,18,8,3,0.947876,0.207684,5,92,98.922881,0,52,0,1
smart-calm-static,17,1200.0,107,53,54,0.924528,0.962264,0.981481,6.416447,6.321567,6.416447,15.246784,15.493568,51,49,2597,3631,2878,753,54,896.072704,124.381016,0.103651,354.844791,1114.446291,1469.291082,0.555288,0.338652,0.408392,10187,167732,177919,0.057256,77635,0.43635,1479,807,686,13,14,10,27,26,545,7,0.950229,0.207381,0,0,0.0,1,0,53,0
smart-calm-no-fallback,17,1200.0,107,53,54,0.830189,0.830189,1.0,2.654201,2.407417,2.654201,15.246784,15.493568,44,44,2646,3054,2360,694,44,753.678336,104.284173,0.086903,298.456621,932.657477,1231.114098,0.457663,0.280178,0.317838,9402,140244,149646,0.062828,63571,0.424809,1185,601,636,14,13,11,33,20,0,5,0.936899,0.227243,9,91,80.60738,0,30,1,22
smart-calm-no-confidence,17,1200.0,107,53,54,0.943396,0.943396,0.981859,4.125989,3.879205,4.125989,15.246784,15.493568,50,50,2598,2889,2289,600,50,712.958976,111.825458,0.093188,282.331754,901.621181,1183.952935,0.447112,0.269244,0.388743,9957,131604,141561,0.070337,63481,0.448436,1378,713,538,12,11,9,35,18,8,3,0.947876,0.207684,5,92,95.456486,0,52,0,1
meshtastic-like,18,1200.0,122,67,55,0.850746,0.970149,0.931354,0.493568,0.575189,0.493568,2.771938,0.493568,65,57,2510,4807,4739,68,68,1186.290688,176.768624,0.147307,469.771112,1547.855585,2017.626697,0.785986,0.462131,0.435474,11810,223733,235543,0.050139,122734,0.521068,3149,2007,0,0,0,0,0,0,0,0,0.0,0.014146,0,0,0.0,-1,0,0,0
meshcore-like,18,1200.0,122,67,55,0.701493,0.731343,0.963636,1.019411,0.751164,1.019411,2.493568,2.740352,49,47,2597,3404,2706,698,49,840.052736,110.506674,0.092089,332.660883,1023.962905,1356.623789,0.513095,0.31772,0.317923,9923,156873,166796,0.059492,67704,0.405909,1449,0,637,12,13,11,43,24,0,0,0.0,0.205053,0,0,0.0,-1,0,0,0
calm-mesh,18,1200.0,122,67,55,0.716418,0.746269,0.997774,1.008456,0.741076,1.008456,2.493568,2.740352,50,48,2689,3094,2394,700,50,763.549696,120.347879,0.10029,302.36568,961.957418,1264.323098,0.461938,0.278973,0.483502,10381,141225,151606,0.068474,67431,0.444778,1693,798,637,13,13,11,43,24,0,5,0.943273,0.226244,0,0,0.0,-1,0,0,0
smart-calm,18,1200.0,122,67,55,0.970149,0.970149,0.980334,2.501216,1.754926,2.501216,15.246784,15.493568,65,65,2642,3076,2398,678,77,759.107584,124.177579,0.103481,300.606603,957.301974,1257.908577,0.464687,0.280424,0.44373,12167,138557,150724,0.080724,65428,0.434091,1236,719,588,13,12,12,55,12,0,4,0.926592,0.220416,3,107,118.215503,0,67,0,0
smart-calm-static,18,1200.0,122,67,55,0.940299,0.955224,0.944712,5.000892,4.701317,5.000892,15.246784,15.493568,64,63,2546,3477,2712,765,65,858.067968,129.409011,0.107841,339.794915,1074.560456,1414.355371,0.542106,0.328888,0.439537,11620,158753,170373,0.068203,74398,0.436677,1512,806,687,13,15,12,42,25,439,7,0.942797,0.220017,0,0,0.0,1,0,67,0
smart-calm-no-fallback,18,1200.0,122,67,55,0.970149,0.970149,0.980334,2.501216,1.754926,2.501216,15.246784,15.493568,65,65,2642,3076,2398,678,77,759.107584,124.177579,0.103481,300.606603,957.301974,1257.908577,0.464687,0.280424,0.44373,12167,138557,150724,0.080724,65428,0.434091,1236,719,588,13,12,12,55,12,0,4,0.926592,0.220416,3,107,118.215503,0,67,0,0
smart-calm-no-confidence,18,1200.0,122,67,55,0.970149,0.970149,0.980334,2.501216,1.754926,2.501216,15.246784,15.493568,65,65,2642,3076,2398,678,77,759.107584,124.177579,0.103481,300.606603,957.301974,1257.908577,0.464687,0.280424,0.44373,12167,138557,150724,0.080724,65428,0.434091,1236,719,588,13,12,12,55,12,0,4,0.926592,0.220416,3,107,113.279951,0,67,0,0
meshtastic-like,19,1200.0,116,67,49,0.895522,0.985075,0.956268,0.640593,0.631089,0.640593,3.373627,0.572993,66,60,2296,4738,4662,76,76,1169.262592,167.446134,0.139538,463.027986,1526.667021,1989.695008,0.844522,0.496291,0.436547,11154,221008,232162,0.048044,120897,0.520744,2437,1621,0,0,0,0,0,0,0,0,0.0,0.016041,0,0,0.0,-1,0,0,0
meshcore-like,19,1200.0,116,67,49,0.80597,0.850746,0.960433,0.992853,0.798626,0.992853,2.493568,2.740352,57,54,2306,3273,2416,857,57,807.724032,110.588224,0.092157,319.858717,985.394016,1305.252733,0.553073,0.342256,0.317106,10294,150083,160377,0.064186,64780,0.403923,1107,0,784,16,16,14,46,21,0,0,0.0,0.261839,0,0,0.0,-1,0,0,0
calm-mesh,19,1200.0,116,67,49,0.791045,0.820896,0.980841,0.959882,0.777842,0.959882,2.493568,2.740352,55,53,2355,3053,2202,851,55,753.431552,105.765376,0.088138,298.358895,922.197406,1220.556301,0.506876,0.312887,0.317396,10027,139570,149597,0.067027,60731,0.405964,837,478,780,16,16,14,46,21,0,8,0.951816,0.278742,0,0,0.0,-1,0,0,0
smart-calm,19,1200.0,116,67,49,0.940299,0.955224,0.987505,1.77226,1.534352,1.77226,2.093568,2.340352,64,63,2371,2823,2157,666,66,696.671232,113.438863,0.094532,275.881808,874.611215,1150.493023,0.472676,0.286225,0.472054,11093,127234,138327,0.080194,59121,0.4274,1157,642,588,12,12,12,54,13,0,4,0.952947,0.235919,3,107,118.046807,0,66,1,0
smart-calm-static,19,1200.0,116,67,49,0.925373,0.940299,0.9596,3.315464,2.85712,3.315464,15.246784,15.493568,63,62,2304,3210,2348,862,66,792.17664,119.637251,0.099698,313.701949,982.869171,1296.571121,0.548001,0.334817,0.426758,11280,146010,157290,0.071715,66154,0.420586,1099,605,780,16,16,14,46,21,213,8,0.951725,0.268536,0,0,0.0,1,0,67,0
smart-calm-no-fallback,19,1200.0,116,67,49,0.940299,0.955224,0.987505,1.77226,1.534352,1.77226,2.093568,2.340352,64,63,2371,2823,2157,666,66,696.671232,113.438863,0.094532,275.881808,874.611215,1150.493023,0.472676,0.286225,0.472054,11093,127234,138327,0.080194,59121,0.4274,1157,642,588,12,12,12,54,13,0,4,0.952947,0.235919,3,107,118.046807,0,66,1,0
smart-calm-no-confidence,19,1200.0,116,67,49,0.940299,0.955224,0.987505,1.77226,1.534352,1.77226,2.093568,2.340352,64,63,2371,2823,2157,666,66,696.671232,113.438863,0.094532,275.881808,874.611215,1150.493023,0.472676,0.286225,0.472054,11093,127234,138327,0.080194,59121,0.4274,1157,642,588,12,12,12,54,13,0,4,0.952947,0.235919,3,107,112.962104,0,66,1,0
meshtastic-like,20,1200.0,117,50,67,0.92,0.96,0.996954,1.026347,0.757621,1.026347,3.002693,3.793432,48,46,3273,4657,4592,65,65,1149.273088,171.614359,0.143012,455.112143,1508.75824,1963.870383,0.591705,0.346271,0.461605,11460,216733,228193,0.050221,120831,0.529512,3142,1947,0,0,0,0,0,0,0,0,0.0,0.013957,0,0,0.0,-1,0,0,0
meshcore-like,20,1200.0,117,50,67,0.44,0.44,0.990557,1.412707,1.165923,1.412707,2.493568,2.740352,22,22,3252,3957,3344,613,22,976.524288,114.853035,0.095711,386.703618,1195.954315,1582.657933,0.483402,0.298266,0.387049,8049,185844,193893,0.041513,83803,0.432213,1547,0,578,13,13,9,16,34,0,0,0.0,0.154915,0,0,0.0,-1,0,0,0
calm-mesh,20,1200.0,117,50,67,0.44,0.44,0.9735,1.412707,1.165923,1.412707,2.493568,2.740352,22,22,3196,3523,2864,659,22,869.420032,105.975401,0.088313,344.290333,1075.130853,1419.421186,0.441088,0.270174,0.329132,7707,164920,172627,0.044645,76548,0.44343,1241,791,624,13,13,9,16,34,0,5,0.949268,0.187056,0,0,0.0,-1,0,0,0
smart-calm,20,1200.0,117,50,67,0.94,0.94,0.989339,6.57631,6.298022,6.57631,15.246784,15.493568,47,47,3248,3498,2937,561,53,863.250432,121.910015,0.101592,341.847171,1072.236928,1414.084099,0.429161,0.261988,0.468241,10684,160718,171402,0.062333,74146,0.432585,1307,817,496,12,11,8,25,25,19,4,0.920049,0.160377,3,90,95.49888,0,49,0,1
smart-calm-static,20,1200.0,117,50,67,0.94,0.94,0.957356,9.278144,9.020859,9.278144,15.981011,16.400544,47,47,3143,4289,3603,686,49,1058.456576,142.632496,0.11886,419.148804,1327.120413,1746.269217,0.54742,0.331805,0.560615,10602,199559,210161,0.050447,96357,0.458491,1745,1086,624,13,13,9,16,34,854,5,0.946582,0.159944,0,0,0.0,1,0,50,0
smart-calm-no-fallback,20,1200.0,117,50,67,0.66,0.66,0.988425,2.793232,2.501578,2.793232,15.345498,15.690995,33,33,3245,3490,2921,569,39,861.27616,115.618679,0.096349,341.065359,1067.547931,1408.61329,0.429717,0.262744,0.398162,9332,161678,171010,0.05457,74786,0.437319,1299,796,518,12,11,8,25,25,0,4,0.918693,0.163037,8,90,43.567144,1,43,2,5
smart-calm-no-confidence,20,1200.0,117,50,67,0.94,0.94,0.989339,6.57631,6.298022,6.57631,15.246784,15.493568,47,47,3248,3498,2937,561,53,863.250432,121.910015,0.101592,341.847171,1072.236928,1414.084099,0.429161,0.261988,0.468241,10684,160718,171402,0.062333,74146,0.432585,1307,817,496,12,11,8,25,25,19,4,0.920049,0.160377,3,90,92.978237,0,49,0,1
