protocol,seed,duration_s,flows,unicast_flows,broadcast_flows,unicast_pdr,destination_unicast_pdr,broadcast_coverage,avg_delay_s,unicast_delivery_delay_s,unicast_ack_delay_s,p95_unicast_delivery_delay_s,p95_unicast_ack_delay_s,unicast_deliveries,unicast_acks,broadcast_deliveries,tx_count,data_tx,control_tx,ack_tx,total_airtime_s,channel_busy_time_s,channel_busy_ratio,tx_energy_j,rx_energy_j,total_energy_j,energy_per_delivery_j,airtime_per_delivery_s,mean_delivery_delay_s,rx_success,rx_fail,rx_attempts,packet_reception_ratio,collision_fail,collision_rate,duplicate_rx,suppressed_forwards,route_requests,route_replies,route_cache_hits,route_cache_misses,fallback_forward_count,route_repair_count,mean_path_confidence,control_overhead_ratio,policy_switch_count,policy_update_count,policy_reward_total,active_profile_index,profile_lean_count,profile_balanced_count,profile_rescue_count
meshtastic-like,1,1200.0,117,55,62,0.909091,0.963636,0.940092,0.730289,0.6562,0.730289,5.058294,0.493568,53,50,2856,4695,4635,60,60,1158.65088,165.746418,0.138122,458.825748,1512.13868,1970.964428,0.67824,0.39871,0.547374,10611,219444,230055,0.046124,120213,0.52254,2504,1670,0,0,0,0,0,0,0.0,0.01278,0,0,0.0,-1,0,0,0
meshcore-like,1,1200.0,117,55,62,0.363636,0.727273,0.938776,0.493568,0.46889,0.493568,0.740352,0.493568,40,20,2852,3995,2954,1041,40,985.90208,125.49953,0.104583,390.417224,1219.885816,1610.30304,0.56069,0.343281,0.427936,9378,186377,195755,0.047907,85720,0.437894,1675,0,981,20,25,30,0,0,0.0,0.260576,0,0,0.0,-1,0,0,0
calm-mesh,1,1200.0,117,55,62,0.8,0.854545,0.920013,1.208454,0.963843,1.208454,2.493568,2.740352,47,44,2795,3338,2541,797,47,823.764992,119.80596,0.099838,326.210937,1033.961625,1360.172562,0.479103,0.29016,0.421739,10035,153527,163562,0.061353,72970,0.446131,1303,744,735,15,39,16,0,7,0.950107,0.238766,0,0,0.0,-1,0,0,0
smart-calm,1,1200.0,117,55,62,0.945455,0.981818,0.933838,2.068849,2.041499,2.068849,15.246784,15.493568,54,52,2837,3209,2554,655,56,791.929856,120.351455,0.100293,313.604223,1000.702459,1314.306682,0.454935,0.274119,0.43569,10645,146596,157241,0.067699,70754,0.449972,1350,817,588,11,43,12,41,5,0.951634,0.204113,5,95,104.978745,0,54,0,1
smart-calm-static,1,1200.0,117,55,62,0.927273,0.981818,0.945359,4.595689,3.983547,4.595689,15.246784,15.493568,54,51,2872,3577,2727,850,58,882.746368,137.464967,0.114554,349.567562,1116.761431,1466.328992,0.501652,0.302,0.53396,11380,163893,175273,0.064927,79644,0.4544,1697,883,776,16,36,19,152,8,0.945999,0.237629,0,0,0.0,1,0,55,0
smart-calm-no-fallback,1,1200.0,117,55,62,0.781818,0.818182,0.942725,0.923053,0.65718,0.923053,2.093568,2.340352,45,43,2864,3200,2558,642,46,789.7088,117.486693,0.097906,312.724685,998.57186,1311.296544,0.451082,0.271658,0.367911,9702,147098,156800,0.061875,71566,0.456416,1370,745,585,11,38,17,5,5,0.950803,0.200625,5,93,78.064315,0,51,4,0
smart-calm-no-confidence,1,1200.0,117,55,62,0.945455,0.981818,0.933838,2.068849,2.041499,2.068849,15.246784,15.493568,54,52,2837,3209,2554,655,56,791.929856,120.351455,0.100293,313.604223,1000.702459,1314.306682,0.454935,0.274119,0.43569,10645,146596,157241,0.067699,70754,0.449972,1350,817,588,11,43,12,41,5,0.951634,0.204113,5,95,104.978745,0,54,0,1
meshtastic-like,2,1200.0,125,69,56,0.826087,0.956522,0.942055,0.55393,0.332112,0.55393,1.064072,0.502425,66,57,2585,4958,4890,68,68,1223.555072,170.451368,0.142043,484.527809,1588.462804,2072.990612,0.784629,0.463117,0.519893,11678,231264,242942,0.048069,124820,0.513785,2930,1912,0,0,0,0,0,0,0.0,0.013715,0,0,0.0,-1,0,0,0
meshcore-like,2,1200.0,125,69,56,0.347826,0.57971,0.962464,0.536544,0.445318,0.536544,0.740352,0.919744,40,24,2641,3735,2749,986,42,921.73824,128.11085,0.106759,365.008343,1150.674875,1515.683218,0.568737,0.345868,0.481533,9785,173230,183015,0.053466,81715,0.446493,1974,0,924,20,32,37,0,0,0.0,0.263989,0,0,0.0,-1,0,0,0
calm-mesh,2,1200.0,125,69,56,0.405797,0.449275,0.937682,1.126693,0.892544,1.126693,2.493568,2.740352,31,28,2573,3008,2375,633,31,742.326272,104.26373,0.086886,293.961204,924.999061,1218.960265,0.468651,0.2854,0.343918,7854,139538,147392,0.053286,65331,0.443247,1345,705,588,14,24,45,44,5,0.946566,0.210439,0,0,0.0,-1,0,0,0
smart-calm,2,1200.0,125,69,56,0.913043,0.956522,0.928936,7.207445,5.697745,7.207445,15.246784,15.493568,66,63,2549,3261,2434,827,74,804.762624,132.995891,0.11083,318.685999,1029.071312,1347.757311,0.515987,0.308102,0.551531,12120,147669,159789,0.07585,73520,0.460107,1639,848,739,14,34,35,175,10,0.951826,0.253603,7,107,113.10047,0,69,0,0
smart-calm-static,2,1200.0,125,69,56,0.884058,0.927536,0.954446,9.37549,8.524593,9.37549,15.246784,15.493568,64,61,2619,4293,3625,668,69,1059.443712,152.375811,0.12698,419.53971,1335.038863,1754.578573,0.654693,0.395315,0.67171,12073,198284,210357,0.057393,96165,0.457151,1998,1115,586,13,24,45,1283,5,0.947596,0.155602,0,0,0.0,1,0,69,0
smart-calm-no-fallback,2,1200.0,125,69,56,0.42029,0.434783,0.963192,1.02188,0.790819,1.02188,2.713568,2.980352,30,29,2643,3195,2529,666,32,788.47488,113.300303,0.094417,312.236052,1001.16381,1313.399862,0.491542,0.295088,0.440959,8402,148153,156555,0.053668,73876,0.471885,1729,826,623,11,24,45,167,6,0.933386,0.208451,10,106,-3.069591,1,7,46,16
smart-calm-no-confidence,2,1200.0,125,69,56,0.913043,0.956522,0.928936,7.207445,5.697745,7.207445,15.246784,15.493568,66,63,2549,3261,2434,827,74,804.762624,132.995891,0.11083,318.685999,1029.071312,1347.757311,0.515987,0.308102,0.551531,12120,147669,159789,0.07585,73520,0.460107,1639,848,739,14,34,35,175,10,0.951826,0.253603,7,107,113.10047,0,69,0,0
meshtastic-like,3,1200.0,125,79,46,0.797468,0.949367,0.913043,0.493568,0.577956,0.493568,2.75402,0.493568,75,63,2058,4944,4863,81,81,1220.100096,167.654715,0.139712,483.159638,1578.648624,2061.808262,0.972093,0.575248,0.281057,11497,230759,242256,0.047458,123244,0.508735,2508,1723,0,0,0,0,0,0,0.0,0.016383,0,0,0.0,-1,0,0,0
meshcore-like,3,1200.0,125,79,46,0.329114,0.518987,0.978261,0.493568,0.403281,0.493568,0.740352,0.493568,41,26,2205,2990,2294,696,41,737.88416,88.233985,0.073528,292.202127,895.304875,1187.507002,0.532276,0.330741,0.249641,7662,138848,146510,0.052297,59290,0.404682,852,0,642,13,30,49,0,0,0.0,0.232776,0,0,0.0,-1,0,0,0
calm-mesh,3,1200.0,125,79,46,0.670886,0.696203,0.977374,1.077746,0.809719,1.077746,2.493568,2.740352,55,53,2203,2978,2125,853,55,734.922752,109.84625,0.091539,291.02941,915.176493,1206.205903,0.534666,0.325764,0.319411,10100,135822,145922,0.069215,62574,0.428818,1006,561,784,14,50,29,115,10,0.951789,0.286434,0,0,0.0,-1,0,0,0
smart-calm,3,1200.0,125,79,46,0.873418,0.924051,0.996451,5.178609,4.352757,5.178609,15.246784,15.493568,73,69,2246,3307,2431,876,78,816.114688,133.284483,0.11107,323.181416,1028.417033,1351.598449,0.583844,0.352533,0.541039,12516,149527,162043,0.077239,71075,0.438618,1366,643,784,14,51,28,348,10,0.945502,0.264893,4,118,107.115522,1,65,14,0
smart-calm-static,3,1200.0,125,79,46,0.835443,0.886076,0.955191,4.782377,4.40895,4.782377,15.246784,15.493568,70,66,2153,3414,2510,904,75,842.520576,134.590821,0.112159,333.638148,1066.004504,1399.642652,0.630754,0.379685,0.472533,12209,155077,167286,0.072983,74989,0.448268,1312,706,815,14,50,29,543,10,0.952405,0.264792,0,0,0.0,1,0,79,0
smart-calm-no-fallback,3,1200.0,125,79,46,0.632911,0.64557,0.978261,1.764109,1.432924,1.764109,2.893568,3.140352,51,50,2205,3079,2275,804,56,759.847936,108.533726,0.090445,300.899783,940.517209,1241.416992,0.550518,0.336961,0.294941,9832,141039,150871,0.065168,63626,0.421725,1083,554,735,13,43,36,243,9,0.94227,0.261124,22,118,44.916069,0,38,2,39
smart-calm-no-confidence,3,1200.0,125,79,46,0.873418,0.924051,0.996451,5.178609,4.352757,5.178609,15.246784,15.493568,73,69,2246,3307,2431,876,78,816.114688,133.284483,0.11107,323.181416,1028.417033,1351.598449,0.583844,0.352533,0.541039,12516,149527,162043,0.077239,71075,0.438618,1366,643,784,14,51,28,348,10,0.945502,0.264893,4,118,107.115522,1,65,14,0
meshtastic-like,4,1200.0,123,53,70,0.811321,0.962264,0.930612,0.776115,0.807707,0.776115,3.703077,2.05996,51,43,3192,4639,4574,65,65,1144.830976,175.691948,0.14641,453.353066,1512.985887,1966.338953,0.607833,0.353889,0.630028,11469,215842,227311,0.050455,122572,0.539226,3266,2135,0,0,0,0,0,0,0.0,0.014012,0,0,0.0,-1,0,0,0
meshcore-like,4,1200.0,123,53,70,0.264151,0.54717,0.970554,0.493568,0.485058,0.493568,0.740352,0.493568,29,14,3329,4407,3427,980,29,1087.577088,132.17793,0.110148,430.680527,1337.119134,1767.79966,0.528806,0.32533,0.371672,9525,206173,215698,0.044159,93415,0.433082,2335,0,929,22,19,34,0,0,0.0,0.222373,0,0,0.0,-1,0,0,0
calm-mesh,4,1200.0,123,53,70,0.490566,0.603774,0.978134,1.098471,1.37715,1.098471,4.98389,2.740352,32,26,3355,3791,3001,790,35,935.558144,137.267708,0.11439,370.481025,1199.041168,1569.522193,0.464218,0.27671,0.47455,9697,175866,185563,0.052257,90293,0.486589,2061,1112,741,14,27,26,117,9,0.946866,0.208388,0,0,0.0,-1,0,0,0
smart-calm,4,1200.0,123,53,70,0.867925,0.924528,0.94898,6.072287,5.600084,6.072287,15.246784,15.493568,49,46,3255,3528,2851,677,52,870.653952,134.912095,0.112427,344.778965,1110.906475,1455.68544,0.440983,0.263755,0.512233,11322,161550,172872,0.065494,80732,0.467004,1846,1066,613,12,33,20,46,5,0.947995,0.191893,3,93,85.580633,0,53,0,0
smart-calm-static,4,1200.0,123,53,70,0.867925,0.90566,0.962099,7.357209,6.428921,7.357209,15.246784,15.493568,48,46,3300,4089,3297,792,53,1009.099776,150.125092,0.125104,399.603511,1280.60791,1680.211421,0.502155,0.301584,0.518487,11583,188582,200165,0.057867,93213,0.465681,1929,1101,723,16,27,26,478,7,0.946309,0.19369,0,0,0.0,1,0,53,0
smart-calm-no-fallback,4,1200.0,123,53,70,0.679245,0.735849,0.951895,1.882684,1.598111,1.882684,2.093568,2.340352,39,36,3265,3666,2976,690,41,904.710144,134.511631,0.112093,358.265217,1142.907413,1501.17263,0.454763,0.274072,0.480655,10369,169118,179487,0.05777,82538,0.459855,1912,997,637,12,33,20,113,5,0.953871,0.188216,3,93,55.722445,0,50,3,0
smart-calm-no-confidence,4,1200.0,123,53,70,0.867925,0.924528,0.94898,6.072287,5.600084,6.072287,15.246784,15.493568,49,46,3255,3528,2851,677,52,870.653952,134.912095,0.112427,344.778965,1110.906475,1455.68544,0.440983,0.263755,0.512233,11322,161550,172872,0.065494,80732,0.467004,1846,1066,613,12,33,20,46,5,0.947995,0.191893,3,93,85.580633,0,53,0,0
meshtastic-like,5,1200.0,105,54,51,0.759259,0.981481,0.960784,0.655426,0.845756,0.655426,3.215498,0.493568,53,41,2401,4226,4162,64,64,1042.909184,163.726872,0.136439,412.992037,1379.294944,1792.286981,0.733942,0.427072,0.462513,10102,196972,207074,0.048784,112228,0.541971,2930,1762,0,0,0,0,0,0,0.0,0.015144,0,0,0.0,-1,0,0,0
meshcore-like,5,1200.0,105,54,51,0.351852,0.611111,0.980392,0.493568,0.44122,0.493568,0.740352,0.493568,33,19,2450,3361,2533,828,33,829.441024,106.325082,0.088604,328.458646,1021.899411,1350.358056,0.546925,0.335942,0.346958,7936,156753,164689,0.048188,71023,0.431255,1435,0,780,15,23,31,0,0,0.0,0.246355,0,0,0.0,-1,0,0,0
calm-mesh,5,1200.0,105,54,51,0.666667,0.685185,1.0,1.235641,1.022855,1.235641,2.493568,2.740352,37,36,2499,3083,2394,689,37,760.835072,97.707522,0.081423,301.290689,929.260261,1230.550949,0.485424,0.300132,0.281636,8153,142914,151067,0.053969,62443,0.413346,969,521,638,14,27,27,85,7,0.948511,0.223484,0,0,0.0,-1,0,0,0
smart-calm,5,1200.0,105,54,51,0.833333,0.925926,0.995598,3.481456,2.964475,3.481456,15.246784,15.493568,50,45,2488,3487,2490,997,57,860.535808,134.985093,0.112488,340.77218,1095.220563,1435.992743,0.566914,0.33973,0.43091,10786,160077,170863,0.063127,79532,0.465472,1683,787,926,14,32,22,222,14,0.95744,0.285919,5,94,85.05233,0,36,18,0
smart-calm-static,5,1200.0,105,54,51,0.888889,0.925926,1.0,7.508516,7.331701,7.508516,15.673102,15.493568,50,48,2499,3765,3114,651,52,929.14176,121.516907,0.101264,367.940137,1154.508277,1522.448414,0.597742,0.364798,0.426884,9773,174712,184485,0.052974,81120,0.439711,1171,718,586,13,23,31,823,5,0.94144,0.172908,0,0,0.0,1,0,54,0
smart-calm-no-fallback,5,1200.0,105,54,51,0.685185,0.703704,1.0,1.17487,0.936473,1.17487,2.493568,2.740352,38,37,2499,3253,2462,791,40,802.788352,107.047364,0.089206,317.904187,994.511976,1312.416164,0.517514,0.316557,0.278511,8824,150573,159397,0.055359,68926,0.432417,1096,505,737,14,29,25,123,9,0.952119,0.24316,10,94,53.983292,1,6,48,0
smart-calm-no-confidence,5,1200.0,105,54,51,0.833333,0.925926,0.995598,3.481456,2.964475,3.481456,15.246784,15.493568,50,45,2488,3487,2490,997,57,860.535808,134.985093,0.112488,340.77218,1095.220563,1435.992743,0.566914,0.33973,0.43091,10786,160077,170863,0.063127,79532,0.465472,1683,787,926,14,32,22,222,14,0.95744,0.285919,5,94,85.05233,0,36,18,0
meshtastic-like,6,1200.0,107,62,45,0.903226,0.951613,0.953288,0.625287,0.405312,0.625287,1.818014,1.876288,59,56,2102,4094,4029,65,65,1010.333696,148.856005,0.124047,400.092144,1334.527184,1734.619327,0.803809,0.468181,0.698559,10483,190074,200557,0.052269,107376,0.535389,2546,1646,0,0,0,0,0,0,0.0,0.015877,0,0,0.0,-1,0,0,0
meshcore-like,6,1200.0,107,62,45,0.451613,0.725806,0.901587,0.564078,0.444211,0.564078,0.740352,1.135206,45,28,1988,3190,2090,1100,49,787.24096,113.232159,0.09436,311.74742,981.778707,1293.526127,0.64163,0.390497,0.499605,9578,146732,156310,0.061276,68251,0.436639,1559,0,1025,26,33,29,0,0,0.0,0.344828,0,0,0.0,-1,0,0,0
calm-mesh,6,1200.0,107,62,45,0.806452,0.870968,0.976417,1.02786,0.824713,1.02786,2.493568,2.740352,54,50,2153,2692,1957,735,54,664.342528,102.443477,0.08537,263.079641,834.020772,1097.100413,0.498003,0.301563,0.486977,9575,122333,131908,0.072588,57387,0.435053,1094,600,667,14,43,19,46,8,0.95191,0.273031,0,0,0.0,-1,0,0,0
smart-calm,6,1200.0,107,62,45,0.951613,0.967742,0.930612,2.363307,1.366141,2.363307,2.751229,15.493568,60,59,2052,2515,1851,664,63,620.66176,103.231159,0.086026,245.782057,785.033754,1030.81581,0.488307,0.294013,0.47339,10311,112924,123235,0.083669,53624,0.435136,1086,578,589,12,48,14,0,5,0.958906,0.264016,3,99,109.1973,0,61,0,1
smart-calm-static,6,1200.0,107,62,45,0.951613,0.967742,0.952834,4.213362,2.979474,4.213362,15.246784,15.493568,60,59,2101,2927,2165,762,63,722.336768,109.921552,0.091601,286.04536,909.740947,1195.786307,0.553605,0.334415,0.471462,10429,132994,143423,0.072715,63125,0.440132,1116,618,685,14,43,19,257,9,0.951524,0.260335,0,0,0.0,1,0,62,0
smart-calm-no-fallback,6,1200.0,107,62,45,0.887097,0.935484,0.955102,0.908262,0.65727,0.908262,2.093568,2.340352,58,55,2106,2550,1889,661,60,629.2992,101.341804,0.084452,249.202483,797.574095,1046.776578,0.484395,0.291207,0.459504,9918,115032,124950,0.079376,55340,0.442897,943,559,589,12,48,14,8,5,0.957189,0.259216,9,99,96.760079,0,58,0,4
smart-calm-no-confidence,6,1200.0,107,62,45,0.951613,0.967742,0.930612,2.363307,1.366141,2.363307,2.751229,15.493568,60,59,2052,2515,1851,664,63,620.66176,103.231159,0.086026,245.782057,785.033754,1030.81581,0.488307,0.294013,0.47339,10311,112924,123235,0.083669,53624,0.435136,1086,578,589,12,48,14,0,5,0.958906,0.264016,3,99,109.1973,0,61,0,1
meshtastic-like,7,1200.0,128,68,60,0.911765,0.985294,0.94898,0.589534,0.449849,0.589534,1.863154,0.493568,67,62,2790,5099,5024,75,75,1258.351616,180.551242,0.150459,498.30724,1637.315612,2135.622851,0.748816,0.441217,0.528526,12168,237683,249851,0.048701,128802,0.515515,2850,1882,0,0,0,0,0,0,0.0,0.014709,0,0,0.0,-1,0,0,0
meshcore-like,7,1200.0,128,68,60,0.558824,0.75,0.95,0.493568,0.372595,0.493568,0.740352,0.493568,51,38,2793,3803,2906,897,51,938.519552,129.712989,0.108094,371.653743,1160.832971,1532.486714,0.541323,0.331515,0.473998,10700,175647,186347,0.05742,79972,0.429156,2004,0,828,18,40,28,0,0,0.0,0.235866,0,0,0.0,-1,0,0,0
calm-mesh,7,1200.0,128,68,60,0.882353,0.911765,0.947959,1.092345,0.944287,1.092345,2.493568,2.740352,62,60,2787,3402,2539,863,69,839.559168,130.713437,0.108928,332.465431,1065.425719,1397.89115,0.491005,0.294893,0.379213,11789,154909,166698,0.070721,75557,0.453257,1339,728,780,14,50,18,74,8,0.943275,0.253674,0,0,0.0,-1,0,0,0
smart-calm,7,1200.0,128,68,60,0.970588,1.0,0.947279,1.455202,1.076679,1.455202,2.093568,2.340352,68,66,2785,3200,2541,659,70,789.7088,128.694699,0.107246,312.724685,1007.840807,1320.565492,0.463194,0.276994,0.453407,12037,144763,156800,0.076767,71568,0.456429,1573,807,579,10,56,12,90,4,0.951914,0.205937,5,108,124.742196,0,67,1,0
smart-calm-static,7,1200.0,128,68,60,1.0,1.0,0.964966,3.438925,2.758601,3.438925,15.246784,15.493568,68,68,2837,3564,2743,821,76,879.538176,145.681795,0.121401,348.297118,1122.549281,1470.846398,0.506315,0.302767,0.520106,12928,161708,174636,0.074028,80114,0.458748,1881,912,731,14,49,19,249,7,0.939842,0.230359,0,0,0.0,1,0,68,0
smart-calm-no-fallback,7,1200.0,128,68,60,0.955882,0.955882,0.966667,0.803744,0.543932,0.803744,2.093568,2.340352,65,65,2842,3144,2481,663,66,775.888896,127.938427,0.106615,307.252003,984.932666,1292.184668,0.444508,0.266904,0.460261,11974,142082,154056,0.077725,68936,0.447474,1669,831,587,10,56,12,3,4,0.951958,0.210878,1,108,120.054567,0,68,0,0
smart-calm-no-confidence,7,1200.0,128,68,60,0.970588,1.0,0.947279,1.455202,1.076679,1.455202,2.093568,2.340352,68,66,2785,3200,2541,659,70,789.7088,128.694699,0.107246,312.724685,1007.840807,1320.565492,0.463194,0.276994,0.453407,12037,144763,156800,0.076767,71568,0.456429,1573,807,579,10,56,12,90,4,0.951914,0.205937,5,108,124.742196,0,67,1,0
meshtastic-like,8,1200.0,125,63,62,0.952381,1.0,0.951613,0.693408,0.453463,0.693408,1.828704,2.287041,63,60,2891,4952,4881,71,71,1222.074368,181.312742,0.151094,483.94145,1609.550709,2093.492158,0.709418,0.414122,0.525419,12172,230476,242648,0.050163,128999,0.53163,3004,1927,0,0,0,0,0,0,0.0,0.014338,0,0,0.0,-1,0,0,0
meshcore-like,8,1200.0,125,63,62,0.539683,0.904762,0.983542,0.580668,0.458932,0.580668,0.740352,0.987136,57,34,2988,4383,3118,1265,63,1081.654272,142.519584,0.118766,428.335092,1328.420583,1756.755674,0.581322,0.357927,0.372542,12242,202525,214767,0.057001,89780,0.418034,1775,0,1176,26,39,24,0,0,0.0,0.288615,0,0,0.0,-1,0,0,0
calm-mesh,8,1200.0,125,63,62,0.920635,0.920635,0.967742,1.070378,0.823594,1.070378,2.493568,2.740352,58,58,2940,3511,2702,809,58,866.458624,118.875467,0.099063,343.117615,1069.594649,1412.712264,0.471218,0.289012,0.275076,11200,160839,172039,0.065102,71834,0.417545,1072,674,736,15,47,16,43,8,0.948954,0.230419,0,0,0.0,-1,0,0,0
smart-calm,8,1200.0,125,63,62,1.0,1.0,0.983213,4.984481,4.528915,4.984481,15.246784,15.493568,63,63,2987,3241,2677,564,64,799.826944,115.255503,0.096046,316.73147,997.061986,1313.793455,0.430752,0.262238,0.372492,11100,147709,158809,0.069895,67844,0.427205,933,639,490,10,42,21,13,2,0.945986,0.17402,1,103,128.46317,0,63,0,0
smart-calm-static,8,1200.0,125,63,62,1.0,1.0,0.967742,2.453171,2.206387,2.453171,15.246784,15.493568,63,63,2940,3526,2712,814,63,870.160384,121.831993,0.101527,344.583512,1076.154212,1420.737724,0.473106,0.289764,0.307351,11656,161118,172774,0.067464,72196,0.417864,1032,670,736,15,47,16,84,8,0.949292,0.230856,0,0,0.0,1,0,63,0
smart-calm-no-fallback,8,1200.0,125,63,62,0.904762,0.952381,0.983542,0.920058,0.666277,0.920058,2.093568,2.340352,60,57,2988,3291,2672,619,68,812.166144,121.781588,0.101485,321.617793,1015.09659,1336.714383,0.438987,0.266721,0.318541,11738,149521,161259,0.07279,69064,0.42828,1122,700,539,12,51,12,9,3,0.925034,0.188089,3,103,110.783679,0,63,0,0
smart-calm-no-confidence,8,1200.0,125,63,62,1.0,1.0,0.983213,4.984481,4.528915,4.984481,15.246784,15.493568,63,63,2987,3241,2677,564,64,799.826944,115.255503,0.096046,316.73147,997.061986,1313.793455,0.430752,0.262238,0.372492,11100,147709,158809,0.069895,67844,0.427205,933,639,490,10,42,21,13,2,0.945986,0.17402,1,103,128.46317,0,63,0,0
meshtastic-like,9,1200.0,127,58,69,0.775862,0.948276,0.954156,0.55853,0.775166,0.55853,4.268352,0.493568,55,45,3226,4888,4828,60,60,1206.280192,174.843597,0.145703,477.686956,1575.486277,2053.173233,0.62769,0.36878,0.517011,11339,228173,239512,0.047342,125640,0.524567,3059,1993,0,0,0,0,0,0,0.0,0.012275,0,0,0.0,-1,0,0,0
meshcore-like,9,1200.0,127,58,69,0.431034,0.689655,0.966578,0.513311,0.438042,0.513311,0.740352,0.493568,40,25,3268,4378,3385,993,41,1080.420352,131.402216,0.109502,427.846459,1313.741253,1741.587713,0.528876,0.328096,0.405145,10211,204311,214522,0.047599,89179,0.41571,1831,0,932,20,31,27,0,0,0.0,0.226816,0,0,0.0,-1,0,0,0
calm-mesh,9,1200.0,127,58,69,0.793103,0.862069,0.983141,1.215485,0.955884,1.215485,2.493568,2.740352,50,46,3324,3836,3034,802,50,946.663424,132.630167,0.110525,374.878716,1183.002953,1557.881668,0.462279,0.280909,0.458223,11043,176921,187964,0.058751,83255,0.442931,1493,867,737,15,38,20,86,10,0.950379,0.209072,0,0,0.0,-1,0,0,0
smart-calm,9,1200.0,127,58,69,0.948276,0.965517,0.973381,4.173113,2.918288,4.173113,15.246784,15.493568,56,55,3291,3780,3019,761,63,932.84352,141.48343,0.117903,369.406034,1176.418225,1545.824259,0.461992,0.278794,0.53348,12007,173213,185220,0.064826,83749,0.45216,1744,952,685,13,40,18,95,8,0.947625,0.201323,10,98,106.59322,1,32,26,0
smart-calm-static,9,1200.0,127,58,69,1.0,1.0,0.970127,3.910951,2.668422,3.910951,15.246784,15.493568,58,58,3280,3905,3041,864,62,963.69152,139.621037,0.116351,381.621842,1202.186739,1583.808581,0.474478,0.288703,0.447368,12507,178838,191345,0.065364,82999,0.433766,1783,936,786,16,39,19,133,10,0.950215,0.221255,0,0,0.0,1,0,58,0
smart-calm-no-fallback,9,1200.0,127,58,69,0.827586,0.87931,0.996451,2.184431,1.874396,2.184431,2.093568,2.340352,51,48,3369,3766,3014,752,53,929.388544,129.710534,0.108092,368.037863,1162.946795,1530.984658,0.448049,0.27199,0.433221,10946,173588,184534,0.059317,82111,0.444964,1328,838,686,13,40,18,8,8,0.954545,0.199681,3,98,85.534155,0,58,0,0
smart-calm-no-confidence,9,1200.0,127,58,69,0.948276,0.965517,0.973381,4.173113,2.918288,4.173113,15.246784,15.493568,56,55,3291,3780,3019,761,63,932.84352,141.48343,0.117903,369.406034,1176.418225,1545.824259,0.461992,0.278794,0.53348,12007,173213,185220,0.064826,83749,0.45216,1744,952,685,13,40,18,95,8,0.947625,0.201323,10,98,106.59322,1,32,26,0
meshtastic-like,10,1200.0,133,72,61,0.888889,0.958333,0.966209,0.776089,0.576277,0.776089,2.597578,1.864408,69,64,2888,5110,5029,81,81,1261.06624,188.721437,0.157268,499.382231,1671.715571,2171.097802,0.735467,0.42719,0.521038,12680,237710,250390,0.050641,135635,0.541695,3080,2148,0,0,0,0,0,0,0.0,0.015851,0,0,0.0,-1,0,0,0
meshcore-like,10,1200.0,133,72,61,0.444444,0.708333,0.965875,0.493568,0.420984,0.493568,0.740352,0.493568,51,32,2887,3999,2999,1000,51,986.889216,128.431758,0.107026,390.80813,1217.654558,1608.462687,0.551032,0.338092,0.332674,10681,185270,195951,0.054509,83747,0.427387,1849,0,930,19,39,33,0,0,0.0,0.250063,0,0,0.0,-1,0,0,0
calm-mesh,10,1200.0,133,72,61,0.875,0.902778,0.963868,1.024599,0.761476,1.024599,2.493568,2.740352,65,63,2881,3397,2587,810,65,838.325248,124.773946,0.103978,331.976798,1053.053142,1385.02994,0.470459,0.284757,0.340809,11981,154472,166453,0.071978,72700,0.43676,1433,844,731,14,56,16,40,8,0.950514,0.238446,0,0,0.0,-1,0,0,0
smart-calm,10,1200.0,133,72,61,0.986111,0.986111,0.968217,3.307949,2.218473,3.307949,15.246784,15.493568,71,71,2894,3328,2657,671,75,821.297152,134.457707,0.112048,325.233672,1046.753612,1371.987284,0.462728,0.276997,0.423671,12693,150379,163072,0.077837,73845,0.452837,1593,855,585,11,57,15,83,7,0.951424,0.201623,3,112,131.391418,0,71,1,0
smart-calm-static,10,1200.0,133,72,61,0.986111,0.986111,0.963868,2.866173,1.987965,2.866173,15.246784,15.493568,71,71,2881,3414,2595,819,74,842.520576,129.795449,0.108163,333.638148,1058.589346,1392.227494,0.471622,0.285407,0.381474,12756,154530,167286,0.076253,72373,0.43263,1365,779,731,14,56,16,40,8,0.948807,0.239895,0,0,0.0,1,0,72,0
smart-calm-no-fallback,10,1200.0,133,72,61,0.916667,0.944444,0.980261,0.976024,0.71505,0.976024,2.493568,2.740352,68,66,2930,3521,2755,766,69,868.926464,132.908744,0.110757,344.09488,1096.621391,1440.716271,0.48088,0.290029,0.445213,12401,160128,172529,0.071878,76706,0.444598,1498,891,684,13,57,15,149,7,0.952684,0.217552,10,112,116.04523,0,28,44,0
smart-calm-no-confidence,10,1200.0,133,72,61,0.986111,0.986111,0.968217,3.307949,2.218473,3.307949,15.246784,15.493568,71,71,2894,3328,2657,671,75,821.297152,134.457707,0.112048,325.233672,1046.753612,1371.987284,0.462728,0.276997,0.423671,12693,150379,163072,0.077837,73845,0.452837,1593,855,585,11,57,15,83,7,0.951424,0.201623,3,112,131.391418,0,71,1,0
meshtastic-like,11,1200.0,140,66,74,0.878788,0.954545,0.944843,0.633564,0.451895,0.633564,1.215829,0.692093,63,58,3426,5457,5386,71,71,1346.700288,184.057967,0.153382,533.293314,1746.152353,2279.445667,0.654261,0.386539,0.475092,12464,254929,267393,0.046613,137344,0.513641,2876,2049,0,0,0,0,0,0,0.0,0.013011,0,0,0.0,-1,0,0,0
meshcore-like,11,1200.0,140,66,74,0.515152,0.833333,0.918092,0.537118,0.448698,0.537118,0.740352,0.987136,55,34,3329,4732,3470,1262,58,1167.781888,143.56901,0.119641,462.441628,1419.247884,1881.689512,0.559527,0.347244,0.358165,12366,219502,231868,0.053332,95004,0.409733,1969,0,1176,28,39,27,0,0,0.0,0.266695,0,0,0.0,-1,0,0,0
calm-mesh,11,1200.0,140,66,74,0.727273,0.772727,0.95422,1.003315,1.016086,1.003315,2.493568,2.740352,51,48,3460,4004,3168,836,51,988.123136,151.021775,0.125851,391.296762,1250.527867,1641.824629,0.468023,0.281677,0.50335,11860,184336,196196,0.06045,90655,0.462063,2183,1104,771,14,44,22,106,10,0.949478,0.208791,0,0,0.0,-1,0,0,0
smart-calm,11,1200.0,140,66,74,0.954545,0.969697,0.917816,3.878029,3.436966,3.878029,15.246784,15.493568,64,63,3328,3711,3046,665,65,915.815424,136.537074,0.113781,362.662908,1139.63602,1502.298928,0.443025,0.270072,0.453117,12118,169721,181839,0.066641,78769,0.43318,1573,918,589,11,46,20,78,7,0.955754,0.179197,1,106,115.333051,0,66,0,0
smart-calm-static,11,1200.0,140,66,74,0.954545,0.969697,0.928571,5.199407,4.44545,5.199407,15.246784,15.493568,64,63,3367,4049,3231,818,67,999.228416,147.112404,0.122594,395.694453,1254.654856,1650.349309,0.481151,0.29132,0.446162,12729,185672,198401,0.064158,88812,0.447639,1734,1020,737,14,44,22,277,10,0.949106,0.202025,0,0,0.0,1,0,66,0
smart-calm-no-fallback,11,1200.0,140,66,74,0.893939,0.924242,0.929123,1.408852,1.176216,1.408852,2.093568,2.340352,61,59,3369,3786,3025,761,62,934.324224,143.536458,0.119614,369.992393,1174.715423,1544.707815,0.450615,0.272557,0.500167,12206,173308,185514,0.065796,83232,0.448656,1729,979,687,12,50,16,51,8,0.95572,0.201004,3,106,102.688116,0,65,0,1
smart-calm-no-confidence,11,1200.0,140,66,74,0.954545,0.969697,0.917816,3.878029,3.436966,3.878029,15.246784,15.493568,64,63,3328,3711,3046,665,65,915.815424,136.537074,0.113781,362.662908,1139.63602,1502.298928,0.443025,0.270072,0.453117,12118,169721,181839,0.066641,78769,0.43318,1573,918,589,11,46,20,78,7,0.955754,0.179197,1,106,115.333051,0,66,0,0
meshtastic-like,12,1200.0,132,63,69,0.746032,0.888889,0.95593,0.526031,0.831105,0.526031,5.78518,0.493568,56,47,3232,4873,4814,59,59,1202.578432,183.188503,0.152657,476.221059,1593.286012,2069.507071,0.63114,0.366752,0.538845,11591,227186,238777,0.048543,130065,0.544713,3235,2071,0,0,0,0,0,0,0.0,0.012108,0,0,0.0,-1,0,0,0
meshcore-like,12,1200.0,132,63,69,0.238095,0.396825,0.954747,0.493568,0.444211,0.493568,0.740352,0.493568,25,15,3228,3973,3295,678,25,980.472832,119.762279,0.099802,388.267241,1205.047111,1593.314353,0.491309,0.302335,0.455687,8303,186374,194677,0.04265,84657,0.434859,1881,0,639,14,17,46,0,0,0.0,0.170652,0,0,0.0,-1,0,0,0
calm-mesh,12,1200.0,132,63,69,0.793651,0.809524,0.974564,1.162668,0.982721,1.162668,2.493568,2.740352,51,50,3295,3830,2957,873,52,945.18272,141.331009,0.117776,374.292357,1199.670282,1573.96264,0.470542,0.282566,0.503641,11650,176020,187670,0.062077,87008,0.463622,1831,1023,806,15,42,21,92,10,0.955345,0.227937,0,0,0.0,-1,0,0,0
smart-calm,12,1200.0,132,63,69,0.936508,0.968254,0.987873,3.135396,2.97951,3.135396,15.246784,15.493568,61,59,3340,3758,3069,689,62,927.414272,145.881663,0.121568,367.256052,1183.875324,1551.131376,0.456349,0.272849,0.573515,12138,172004,184142,0.065917,86155,0.467873,1676,1011,615,12,46,17,109,6,0.950899,0.183342,7,103,123.000338,0,60,1,2
smart-calm-static,12,1200.0,132,63,69,0.920635,0.952381,0.959775,3.622102,3.459158,3.622102,15.246784,15.493568,60,58,3245,3991,3060,931,62,984.914944,157.07168,0.130893,390.026318,1260.325271,1650.351589,0.499652,0.298188,0.568849,12671,182888,195559,0.064794,92448,0.472737,1943,1058,854,15,42,21,244,10,0.953641,0.233275,0,0,0.0,1,0,63,0
smart-calm-no-fallback,12,1200.0,132,63,69,0.698413,0.698413,0.983437,1.143383,0.89099,1.143383,2.493568,2.740352,44,44,3325,3829,3038,791,45,944.935936,135.847196,0.113206,374.194631,1190.208406,1564.403037,0.464352,0.28048,0.494833,10632,176989,187621,0.056667,85803,0.457321,1647,968,733,13,38,25,121,7,0.936644,0.206581,13,102,68.369435,1,10,33,20
smart-calm-no-confidence,12,1200.0,132,63,69,0.936508,0.968254,0.987873,3.135396,2.97951,3.135396,15.246784,15.493568,61,59,3340,3758,3069,689,62,927.414272,145.881663,0.121568,367.256052,1183.875324,1551.131376,0.456349,0.272849,0.573515,12138,172004,184142,0.065917,86155,0.467873,1676,1011,615,12,46,17,109,6,0.950899,0.183342,7,103,123.000338,0,60,1,2
meshtastic-like,13,1200.0,129,63,66,0.825397,0.920635,0.89765,0.822603,0.874432,0.822603,4.166812,2.280376,58,52,2903,4868,4793,75,75,1201.344512,179.956638,0.149964,475.732427,1575.041703,2050.774129,0.694001,0.406546,0.540747,11788,226744,238532,0.049419,125832,0.527527,2802,1777,0,0,0,0,0,0,0.0,0.015407,0,0,0.0,-1,0,0,0
meshcore-like,13,1200.0,129,63,66,0.380952,0.603175,0.940322,0.493568,0.428625,0.493568,0.740352,0.493568,38,24,3041,4041,3150,891,38,997.254144,114.33244,0.095277,394.912641,1202.841018,1597.753659,0.52129,0.325368,0.333185,9000,189009,198009,0.045452,80825,0.408189,1285,0,836,17,28,35,0,0,0.0,0.22049,0,0,0.0,-1,0,0,0
calm-mesh,13,1200.0,129,63,66,0.603175,0.634921,0.951763,0.966575,0.75231,0.966575,2.493568,2.740352,40,38,3078,3462,2775,687,40,854.366208,122.345957,0.101955,338.329018,1060.225042,1398.554061,0.44883,0.274187,0.443212,9752,159886,169638,0.057487,74074,0.436659,1581,764,634,13,38,25,0,5,0.946192,0.19844,0,0,0.0,-1,0,0,0
smart-calm,13,1200.0,129,63,66,0.952381,1.0,0.942486,4.80349,4.208287,4.80349,15.246784,15.518246,63,60,3048,3516,2795,721,71,867.692544,128.733691,0.107278,343.606247,1079.987614,1423.593861,0.458042,0.27918,0.388269,12080,160204,172284,0.070117,73454,0.426354,1218,719,637,13,42,21,39,5,0.938516,0.205063,7,103,114.852215,0,59,3,1
smart-calm-static,13,1200.0,129,63,66,0.936508,0.936508,0.949907,6.408124,5.686764,6.408124,15.246784,15.493568,59,59,3072,3965,3254,711,62,978.49856,145.637288,0.121364,387.48543,1224.188956,1611.674386,0.514747,0.31252,0.552063,12031,182205,194236,0.06194,86253,0.444063,1698,913,636,13,38,25,505,5,0.945326,0.179319,0,0,0.0,1,0,63,0
smart-calm-no-fallback,13,1200.0,129,63,66,0.730159,0.809524,0.994125,1.048831,0.817028,1.048831,2.893568,3.140352,51,46,3215,3636,2940,696,53,897.306624,131.677225,0.109731,355.333423,1128.362295,1483.695718,0.454982,0.275163,0.402535,10900,167215,178115,0.061196,80258,0.450597,1369,845,630,13,42,21,69,5,0.921043,0.191419,11,101,74.721926,0,36,1,26
smart-calm-no-confidence,13,1200.0,129,63,66,0.952381,1.0,0.942486,4.80349,4.208287,4.80349,15.246784,15.518246,63,60,3048,3516,2795,721,71,867.692544,128.733691,0.107278,343.606247,1079.987614,1423.593861,0.458042,0.27918,0.388269,12080,160204,172284,0.070117,73454,0.426354,1218,719,637,13,42,21,39,5,0.938516,0.205063,7,103,114.852215,0,59,3,1
meshtastic-like,14,1200.0,114,46,68,0.913043,0.978261,0.966086,0.568367,0.420637,0.568367,1.608546,0.493568,45,42,3219,4613,4565,48,48,1138.414592,159.796649,0.133164,450.812178,1472.454161,1923.26634,0.589778,0.3491,0.635904,9880,215520,225400,0.043833,115438,0.512147,2351,1541,0,0,0,0,0,0,0.0,0.010405,0,0,0.0,-1,0,0,0
meshcore-like,14,1200.0,114,46,68,0.434783,0.891304,0.981693,0.493568,0.487549,0.493568,0.740352,0.493568,41,20,3271,4467,3375,1092,41,1102.384128,146.987311,0.122489,436.544115,1365.261505,1801.80562,0.547495,0.334969,0.546524,10711,208172,218883,0.048935,96312,0.440016,2274,0,1029,22,25,21,0,0,0.0,0.244459,0,0,0.0,-1,0,0,0
calm-mesh,14,1200.0,114,46,68,0.891304,0.891304,0.967587,1.199944,0.95316,1.199944,2.493568,2.740352,41,41,3224,3635,2893,742,41,897.05984,127.352642,0.106127,355.235697,1126.189754,1481.425451,0.453729,0.27475,0.463091,10145,167970,178115,0.056958,80437,0.451601,1477,838,687,14,31,15,46,8,0.956686,0.204127,0,0,0.0,-1,0,0,0
smart-calm,14,1200.0,114,46,68,0.891304,0.978261,0.973289,6.613437,6.044001,6.613437,15.246784,15.493568,45,41,3243,4050,3161,889,47,999.4752,151.828286,0.126524,395.792179,1266.096344,1661.888524,0.506056,0.304347,0.61876,11335,187115,198450,0.057118,92498,0.466102,2270,1129,827,15,19,27,293,10,0.955958,0.219506,7,85,95.121479,0,20,0,26
smart-calm-static,14,1200.0,114,46,68,0.978261,1.0,0.966086,3.187083,2.881745,3.187083,15.246784,15.493568,46,45,3219,3612,2863,749,48,891.383808,135.024903,0.112521,352.987988,1123.262277,1476.250264,0.452283,0.273096,0.642755,10856,166132,176988,0.061337,80505,0.454861,1593,925,687,14,31,15,47,8,0.956956,0.207364,0,0,0.0,1,0,46,0
smart-calm-no-fallback,14,1200.0,114,46,68,0.76087,0.804348,0.964586,0.968455,0.767536,0.968455,2.093568,2.340352,37,35,3214,3576,2890,686,38,882.499584,127.199948,0.106,349.469835,1106.267807,1455.737643,0.448057,0.271622,0.442712,9681,165543,175224,0.055249,79257,0.452318,1598,808,636,12,28,18,15,5,0.956234,0.191834,3,85,64.599526,0,45,0,1
smart-calm-no-confidence,14,1200.0,114,46,68,0.891304,0.978261,0.973289,6.613437,6.044001,6.613437,15.246784,15.493568,45,41,3243,4050,3161,889,47,999.4752,151.828286,0.126524,395.792179,1266.096344,1661.888524,0.506056,0.304347,0.61876,11335,187115,198450,0.057118,92498,0.466102,2270,1129,827,15,19,27,293,10,0.955958,0.219506,7,85,95.121479,0,20,0,26
meshtastic-like,15,1200.0,135,68,67,0.838235,0.955882,0.940908,0.628113,0.519233,0.628113,2.528486,1.862388,65,57,3089,5334,5259,75,75,1316.345856,198.192949,0.165161,521.272959,1725.970372,2247.243331,0.714318,0.418419,0.798825,12599,248767,261366,0.048204,138149,0.528565,3390,2064,0,0,0,0,0,0,0.0,0.014061,0,0,0.0,-1,0,0,0
meshcore-like,15,1200.0,135,68,67,0.058824,0.117647,0.952178,0.493568,0.493568,0.493568,0.740352,0.493568,8,4,3126,3690,3190,500,8,910.63296,112.694579,0.093912,360.610652,1126.609164,1487.219816,0.47515,0.290937,0.5777,6489,174321,180810,0.035889,81974,0.453371,1895,0,478,14,4,64,0,0,0.0,0.135501,0,0,0.0,-1,0,0,0
calm-mesh,15,1200.0,135,68,67,0.632353,0.632353,0.947913,1.190432,0.92643,1.190432,2.493568,2.740352,43,43,3112,3700,2864,836,46,913.1008,139.648223,0.116374,361.587917,1155.389037,1516.976954,0.480817,0.289414,0.584024,10543,170757,181300,0.058152,83896,0.462747,1815,906,776,14,33,35,86,10,0.930743,0.225946,0,0,0.0,-1,0,0,0
smart-calm,15,1200.0,135,68,67,0.941176,0.955882,0.946086,4.838278,4.553064,4.838278,15.246784,15.493568,65,64,3106,3751,2887,864,65,925.686784,149.87561,0.124896,366.571966,1175.579406,1542.151373,0.486483,0.292015,0.649227,12805,170994,183799,0.069668,83957,0.456787,1764,906,785,14,41,27,102,10,0.955171,0.230339,3,108,114.103226,0,67,0,1
smart-calm-static,15,1200.0,135,68,67,0.882353,0.882353,0.949132,6.113919,5.617135,6.113919,15.246784,15.493568,60,60,3116,4370,3525,845,61,1078.44608,168.608969,0.140507,427.064648,1371.275836,1798.340484,0.566228,0.339561,0.755278,12529,201601,214130,0.058511,100392,0.468837,2065,1011,771,13,33,35,747,10,0.930877,0.193364,0,0,0.0,1,0,68,0
smart-calm-no-fallback,15,1200.0,135,68,67,0.441176,0.455882,0.91989,1.527174,1.31147,1.527174,2.893568,3.140352,31,30,3020,3676,2749,927,31,907.177984,135.985578,0.113321,359.242482,1155.900717,1515.143198,0.496768,0.297435,0.613259,9427,170697,180124,0.052336,86383,0.479575,1973,917,880,16,21,47,67,13,0.926557,0.252176,3,106,-2.369944,2,2,4,62
smart-calm-no-confidence,15,1200.0,135,68,67,0.941176,0.955882,0.946086,4.838278,4.553064,4.838278,15.246784,15.493568,65,64,3106,3751,2887,864,65,925.686784,149.87561,0.124896,366.571966,1175.579406,1542.151373,0.486483,0.292015,0.649227,12805,170994,183799,0.069668,83957,0.456787,1764,906,785,14,41,27,102,10,0.955171,0.230339,3,108,114.103226,0,67,0,1
meshtastic-like,16,1200.0,121,53,68,0.849057,0.943396,0.907863,0.699524,0.472184,0.699524,1.743857,2.070614,50,45,3025,4701,4645,56,56,1160.131584,167.741628,0.139785,459.412107,1517.800707,1977.212814,0.644043,0.377893,0.632119,10542,219807,230349,0.045765,121265,0.52644,2616,1662,0,0,0,0,0,0,0.0,0.011912,0,0,0.0,-1,0,0,0
meshcore-like,16,1200.0,121,53,68,0.509434,0.867925,0.942677,0.584969,0.456014,0.584969,0.740352,0.987136,46,27,3141,4292,3238,1054,51,1059.196928,146.108514,0.121757,419.441983,1320.091112,1739.533095,0.549095,0.334342,0.607333,11283,199025,210308,0.05365,93609,0.445104,1925,0,980,23,33,20,0,0,0.0,0.245573,0,0,0.0,-1,0,0,0
calm-mesh,16,1200.0,121,53,68,0.792453,0.849057,0.971789,1.082011,0.845926,1.082011,2.493568,2.740352,45,42,3238,3529,2834,695,45,870.900736,129.847169,0.108206,344.876691,1091.101963,1435.978655,0.437798,0.265519,0.592139,10652,162269,172921,0.0616,77310,0.447083,1750,910,637,13,40,13,0,5,0.952049,0.19694,0,0,0.0,-1,0,0,0
smart-calm,16,1200.0,121,53,68,0.962264,0.981132,0.989196,3.502741,2.909627,3.502741,15.246784,15.493568,52,51,3296,3553,2949,604,54,876.823552,135.879931,0.113233,347.222127,1106.108432,1453.330558,0.434219,0.261973,0.7121,11066,163031,174097,0.063562,79217,0.455016,1540,918,539,11,39,14,4,3,0.953078,0.169997,3,93,114.698855,0,53,0,0
smart-calm-static,16,1200.0,121,53,68,1.0,1.0,0.993697,5.162773,3.543286,5.162773,15.246784,21.493568,53,53,3311,3634,2927,707,57,896.813056,139.823718,0.11652,355.13797,1135.676795,1490.814765,0.443167,0.266591,0.728019,11818,166248,178066,0.066369,81432,0.457314,1775,967,637,13,40,13,0,5,0.951437,0.194551,0,0,0.0,1,0,53,0
smart-calm-no-fallback,16,1200.0,121,53,68,0.811321,0.849057,0.957383,0.942745,0.675998,0.942745,2.093568,2.340352,45,43,3190,3423,2828,595,45,844.741632,127.899945,0.106583,334.517686,1066.054833,1400.57252,0.433211,0.261287,0.613474,10179,157548,167727,0.060688,76851,0.458191,1494,888,539,11,39,14,7,3,0.953723,0.173824,3,93,79.895736,0,53,0,0
smart-calm-no-confidence,16,1200.0,121,53,68,0.962264,0.981132,0.989196,3.502741,2.909627,3.502741,15.246784,15.493568,52,51,3296,3553,2949,604,54,876.823552,135.879931,0.113233,347.222127,1106.108432,1453.330558,0.434219,0.261973,0.7121,11066,163031,174097,0.063562,79217,0.455016,1540,918,539,11,39,14,4,3,0.953078,0.169997,3,93,114.698855,0,53,0,0
meshtastic-like,17,1200.0,107,53,54,0.811321,0.924528,0.981481,0.570448,0.683387,0.570448,3.066039,0.493568,49,43,2597,4177,4121,56,56,1030.816768,145.907371,0.121589,408.20344,1349.516876,1757.720316,0.665803,0.390461,0.317394,9627,195046,204673,0.047036,107607,0.525751,2373,1619,0,0,0,0,0,0,0.0,0.013407,0,0,0.0,-1,0,0,0
meshcore-like,17,1200.0,107,53,54,0.320755,0.641509,0.981481,0.493568,0.493568,0.493568,0.740352,0.493568,34,17,2597,3673,2688,985,34,906.437632,105.358021,0.087798,358.949302,1099.246894,1458.196196,0.557841,0.346763,0.270619,8327,171650,179977,0.046267,73797,0.410036,1371,0,932,19,20,33,0,0,0.0,0.268173,0,0,0.0,-1,0,0,0
calm-mesh,17,1200.0,107,53,54,0.735849,0.735849,0.996599,1.069666,0.822882,1.069666,2.493568,2.740352,39,39,2637,2968,2329,639,39,732.454912,106.424508,0.088687,290.052145,920.603651,1210.655796,0.452412,0.273713,0.392358,8899,136533,145432,0.06119,65210,0.448388,1299,700,588,12,35,18,0,4,0.950064,0.215296,0,0,0.0,-1,0,0,0
smart-calm,17,1200.0,107,53,54,0.962264,0.962264,0.981481,2.706482,1.861785,2.706482,15.246784,15.493568,51,51,2597,3018,2366,652,55,744.794112,110.524769,0.092104,294.938468,934.846794,1229.785262,0.46442,0.281267,0.320319,9955,137927,147882,0.067317,65097,0.440196,1289,679,585,12,39,14,42,5,0.950276,0.216037,1,92,103.248185,0,53,0,0
smart-calm-static,17,1200.0,107,53,54,0.962264,0.962264,0.994709,4.757643,4.510859,4.757643,15.246784,15.493568,51,51,2632,3194,2543,651,51,788.228096,114.097468,0.095081,312.138326,992.69174,1304.830066,0.486332,0.293786,0.441908,10221,146285,156506,0.065307,69977,0.44712,1379,761,588,12,35,18,228,4,0.949694,0.20382,0,0,0.0,1,0,53,0
smart-calm-no-fallback,17,1200.0,107,53,54,0.849057,0.867925,0.98715,0.968266,0.729571,0.968266,2.393568,2.660352,46,45,2612,3064,2327,737,46,756.146176,110.40307,0.092003,299.433886,951.296031,1250.729917,0.47073,0.284586,0.32609,9514,140622,150136,0.063369,67193,0.447548,1251,631,677,14,37,16,14,7,0.947756,0.240535,5,92,80.469089,0,36,17,0
smart-calm-no-confidence,17,1200.0,107,53,54,0.962264,0.962264,0.981481,2.706482,1.861785,2.706482,15.246784,15.493568,51,51,2597,3018,2366,652,55,744.794112,110.524769,0.092104,294.938468,934.846794,1229.785262,0.46442,0.281267,0.320319,9955,137927,147882,0.067317,65097,0.440196,1289,679,585,12,39,14,42,5,0.950276,0.216037,1,92,103.248185,0,53,0,0
meshtastic-like,18,1200.0,122,67,55,0.880597,0.985075,0.94026,0.554883,0.696041,0.554883,3.647291,0.504005,66,59,2534,4852,4775,77,77,1197.395968,180.741826,0.150618,474.168803,1570.252047,2044.420851,0.788438,0.46178,0.523207,12031,225717,237748,0.050604,125051,0.525981,3062,2022,0,0,0,0,0,0,0.0,0.01587,0,0,0.0,-1,0,0,0
meshcore-like,18,1200.0,122,67,55,0.432836,0.746269,0.963636,0.493568,0.43434,0.493568,0.740352,0.493568,50,29,2597,3803,2706,1097,50,938.519552,127.656092,0.10638,371.653743,1157.100228,1528.75397,0.582161,0.357395,0.411666,10159,176188,186347,0.054517,79963,0.429108,1699,0,1026,21,36,31,0,0,0.0,0.288456,0,0,0.0,-1,0,0,0
calm-mesh,18,1200.0,122,67,55,0.731343,0.746269,0.981818,1.043801,0.786012,1.043801,2.493568,2.740352,50,49,2646,3114,2364,750,50,768.485376,112.69011,0.093908,304.320209,962.032912,1266.353121,0.46989,0.285152,0.398196,10092,142494,152586,0.06614,66751,0.437465,1303,715,686,14,43,24,3,6,0.946902,0.240848,0,0,0.0,-1,0,0,0
smart-calm,18,1200.0,122,67,55,0.955224,0.955224,0.998887,4.737647,4.256488,4.737647,15.246784,15.493568,64,64,2692,3038,2423,615,65,749.729792,126.432807,0.105361,296.892998,951.279255,1248.172252,0.452893,0.272035,0.61327,11668,137194,148862,0.078381,66425,0.446219,1562,812,539,11,46,21,11,3,0.948659,0.202436,5,107,112.386491,0,67,0,0
smart-calm-static,18,1200.0,122,67,55,0.955224,0.955224,0.979963,5.364109,4.88295,5.364109,15.246784,15.493568,64,64,2641,3581,2866,715,65,883.733504,137.000795,0.114167,349.958468,1121.140065,1471.098532,0.543844,0.326704,0.595467,11834,163635,175469,0.067442,80093,0.456451,1646,989,636,14,42,25,529,6,0.938937,0.199665,0,0,0.0,1,0,67,0
smart-calm-no-fallback,18,1200.0,122,67,55,0.761194,0.776119,0.995176,1.064788,0.797528,1.064788,2.893568,3.140352,52,51,2682,3173,2476,697,54,783.045632,129.107214,0.107589,310.08607,1000.249497,1310.335567,0.47945,0.286515,0.580823,10691,144786,155477,0.068763,72581,0.466828,1805,893,631,12,44,23,111,6,0.932994,0.219666,10,107,68.68334,2,30,0,37
smart-calm-no-confidence,18,1200.0,122,67,55,0.955224,0.955224,0.998887,4.737647,4.256488,4.737647,15.246784,15.493568,64,64,2692,3038,2423,615,65,749.729792,126.432807,0.105361,296.892998,951.279255,1248.172252,0.452893,0.272035,0.61327,11668,137194,148862,0.078381,66425,0.446219,1562,812,539,11,46,21,11,3,0.948659,0.202436,5,107,112.386491,0,67,0,0
meshtastic-like,19,1200.0,116,67,49,0.865672,0.940299,0.94419,0.584466,0.527135,0.584466,1.861985,0.493568,63,58,2267,4657,4583,74,74,1149.273088,159.697644,0.133081,455.112143,1498.0633,1953.175443,0.840075,0.494311,0.342068,10694,217499,228193,0.046864,118514,0.519359,2201,1563,0,0,0,0,0,0,0.0,0.01589,0,0,0.0,-1,0,0,0
meshcore-like,19,1200.0,116,67,49,0.58209,0.925373,1.0,0.506224,0.429882,0.506224,0.740352,0.493568,62,39,2401,3779,2517,1262,62,932.596736,119.552945,0.099627,369.308307,1138.134534,1507.442842,0.617804,0.382212,0.350402,10876,174295,185171,0.058735,75592,0.408228,1273,0,1176,24,42,25,0,0,0.0,0.333951,0,0,0.0,-1,0,0,0
calm-mesh,19,1200.0,116,67,49,0.791045,0.835821,0.980425,0.959882,0.768359,0.959882,2.493568,2.740352,56,53,2354,3018,2162,856,56,744.794112,108.217329,0.090181,294.938468,916.493438,1211.431907,0.503295,0.309428,0.336915,10337,137545,147882,0.0699,60654,0.410151,1136,559,784,16,46,21,0,8,0.951816,0.283632,0,0,0.0,-1,0,0,0
smart-calm,19,1200.0,116,67,49,0.940299,0.955224,0.974594,1.98739,1.511746,1.98739,2.433568,14.218246,64,63,2340,2805,2138,667,67,692.22912,114.373668,0.095311,274.122732,868.009711,1142.132442,0.475294,0.288069,0.499463,10916,126529,137445,0.079421,58608,0.426411,1045,604,588,12,54,13,1,4,0.952015,0.23779,9,107,117.488309,0,64,2,1
smart-calm-static,19,1200.0,116,67,49,0.925373,0.940299,0.957934,3.5574,3.095215,3.5574,15.246784,15.493568,63,62,2300,3180,2316,864,66,784.77312,117.876405,0.09823,310.770156,972.216172,1282.986328,0.543178,0.332249,0.416291,11181,144639,155820,0.071756,65095,0.417758,991,586,782,16,46,21,216,8,0.951907,0.271698,0,0,0.0,1,0,67,0
smart-calm-no-fallback,19,1200.0,116,67,49,0.895522,0.925373,0.996668,0.815478,0.588097,0.815478,2.093568,2.340352,62,60,2393,2835,2172,663,63,699.63264,109.647208,0.091373,277.054525,875.022236,1152.076762,0.46966,0.285215,0.438489,10552,128363,138915,0.07596,59206,0.426203,909,583,588,12,54,13,8,4,0.95267,0.233862,5,107,111.403356,0,65,0,2
smart-calm-no-confidence,19,1200.0,116,67,49,0.940299,0.955224,0.974594,1.98739,1.511746,1.98739,2.433568,14.218246,64,63,2340,2805,2138,667,67,692.22912,114.373668,0.095311,274.122732,868.009711,1142.132442,0.475294,0.288069,0.499463,10916,126529,137445,0.079421,58608,0.426411,1045,604,588,12,54,13,1,4,0.952015,0.23779,9,107,117.488309,0,64,2,1
meshtastic-like,20,1200.0,117,50,67,0.9,0.96,0.991167,0.796824,0.614763,0.796824,2.195037,1.946333,48,45,3254,4731,4673,58,58,1167.535104,166.664711,0.138887,462.343901,1525.559781,1987.903682,0.602578,0.353906,0.503949,11253,220566,231819,0.048542,121228,0.522942,3151,1929,0,0,0,0,0,0,0.0,0.01226,0,0,0.0,-1,0,0,0
meshcore-like,20,1200.0,117,50,67,0.22,0.44,0.975327,0.583308,0.516003,0.583308,0.740352,0.987136,22,11,3202,4041,3296,745,24,997.254144,116.866801,0.097389,394.912641,1220.003251,1614.915892,0.502619,0.310381,0.348922,8077,189932,198009,0.040791,85249,0.430531,1715,0,705,16,13,37,0,0,0.0,0.18436,0,0,0.0,-1,0,0,0
calm-mesh,20,1200.0,117,50,67,0.7,0.72,0.98873,1.49504,1.248572,1.49504,2.493568,2.740352,36,35,3246,3746,2938,808,41,924.452864,125.46972,0.104558,366.083334,1150.414842,1516.498176,0.462206,0.281759,0.397348,9581,173973,183554,0.052197,81729,0.445259,1461,871,752,15,27,23,27,8,0.948971,0.215697,0,0,0.0,-1,0,0,0
smart-calm,20,1200.0,117,50,67,0.96,0.98,0.971977,5.996255,5.745901,5.996255,15.246784,15.493568,49,48,3191,3741,3148,593,55,923.218944,130.791089,0.108993,365.594702,1161.353039,1526.947741,0.471426,0.285032,0.454832,10412,172897,183309,0.0568,83654,0.456355,1328,861,527,11,28,22,291,5,0.951575,0.158514,6,90,94.477805,1,39,11,0
smart-calm-static,20,1200.0,117,50,67,0.96,0.96,0.973804,5.890751,5.081735,5.890751,15.246784,15.493568,48,48,3197,3987,3166,821,56,983.927808,138.676051,0.115563,389.635412,1237.844927,1627.480339,0.501535,0.303214,0.442461,11093,184270,195363,0.056781,89136,0.456258,1757,974,750,15,27,23,308,8,0.932852,0.205919,0,0,0.0,1,0,50,0
smart-calm-no-fallback,20,1200.0,117,50,67,0.82,0.82,0.983856,1.002226,0.755442,1.002226,2.093568,2.340352,41,41,3230,3490,2884,606,41,861.27616,123.441012,0.102868,341.065359,1084.005556,1425.070915,0.435668,0.263307,0.363199,9702,161308,171010,0.056734,77972,0.45595,1511,878,554,11,33,17,6,5,0.933179,0.173639,1,90,70.62985,0,50,0,0
smart-calm-no-confidence,20,1200.0,117,50,67,0.96,0.98,0.971977,5.996255,5.745901,5.996255,15.246784,15.493568,49,48,3191,3741,3148,593,55,923.218944,130.791089,0.108993,365.594702,1161.353039,1526.947741,0.471426,0.285032,0.454832,10412,172897,183309,0.0568,83654,0.456355,1328,861,527,11,28,22,291,5,0.951575,0.158514,6,90,94.477805,1,39,11,0
