protocol,seed,duration_s,flows,unicast_flows,broadcast_flows,unicast_pdr,destination_unicast_pdr,broadcast_coverage,avg_delay_s,unicast_delivery_delay_s,unicast_ack_delay_s,p95_unicast_delivery_delay_s,p95_unicast_ack_delay_s,unicast_deliveries,unicast_acks,broadcast_deliveries,tx_count,data_tx,control_tx,ack_tx,total_airtime_s,channel_busy_time_s,channel_busy_ratio,tx_energy_j,rx_energy_j,total_energy_j,energy_per_delivery_j,airtime_per_delivery_s,mean_delivery_delay_s,rx_success,rx_fail,rx_attempts,packet_reception_ratio,collision_fail,collision_rate,duplicate_rx,suppressed_forwards,route_requests,route_replies,route_discovery_attempts,route_discovery_successes,route_cache_hits,route_cache_misses,fallback_forward_count,route_repair_count,mean_path_confidence,control_overhead_ratio,policy_switch_count,policy_update_count,policy_reward_total,active_profile_index,profile_lean_count,profile_balanced_count,profile_rescue_count,route_ttl_s,evaluation_variant,scenario
meshcore-like,1,1200.0,117,55,62,0.363636,0.727273,0.93318,0.493568,0.46889,0.493568,0.740352,0.493568,40,20,2835,3919,2927,992,40,967.146496,119.136613,0.099281,382.990012,1191.986702,1574.976715,0.551656,0.338755,0.451408,9037,182994,192031,0.04706,83170,0.433107,1429,0,933,19,21,18,25,30,0,0,0.0,0.253126,0,0,0.0,-1,0,0,0,300.0,meshcore-native-ttl-300,main_mixed_route_ttl_audit
meshcore-like,1,1200.0,117,55,62,0.527273,0.818182,0.91738,0.493568,0.38937,0.493568,0.740352,0.493568,45,29,2787,3586,2890,696,45,884.967424,113.236388,0.094364,350.4471,1092.938976,1443.386076,0.512566,0.314264,0.45064,8998,166716,175714,0.051208,75885,0.431867,1298,0,638,13,14,13,36,19,0,0,0.0,0.194088,0,0,0.0,-1,0,0,0,600.0,meshcore-matched-ttl-600,main_mixed_route_ttl_audit
calm-mesh,1,1200.0,117,55,62,0.745455,0.8,0.949638,1.254743,1.007124,1.254743,2.493568,2.740352,44,41,2885,3420,2625,795,44,844.00128,119.984671,0.099987,334.224507,1061.147743,1395.37225,0.476887,0.288449,0.518317,9756,157824,167580,0.058217,75678,0.451593,1288,795,736,15,16,14,36,19,44,8,0.949115,0.232456,0,0,0.0,-1,0,0,0,600.0,meshecho-ttl-600,main_mixed_route_ttl_audit
meshcore-like,2,1200.0,125,69,56,0.376812,0.652174,0.951531,0.702385,0.504536,0.702385,0.987136,1.974272,45,26,2611,3778,2740,1038,62,932.349952,133.445785,0.111205,369.210581,1158.937241,1528.147822,0.579502,0.353565,0.424435,11548,173574,185122,0.06238,79688,0.430462,1829,0,950,26,20,18,37,32,0,0,0.0,0.274749,0,0,0.0,-1,0,0,0,300.0,meshcore-native-ttl-300,main_mixed_route_ttl_audit
meshcore-like,2,1200.0,125,69,56,0.507246,0.768116,0.933673,0.733301,0.460974,0.733301,0.987136,1.974272,53,35,2562,3508,2706,802,76,865.718272,132.644021,0.110537,342.824436,1080.633504,1423.45794,0.548116,0.333353,0.380919,12528,159364,171892,0.072883,73210,0.425907,1748,0,705,21,15,14,49,20,0,0,0.0,0.22862,0,0,0.0,-1,0,0,0,600.0,meshcore-matched-ttl-600,main_mixed_route_ttl_audit
calm-mesh,2,1200.0,125,69,56,0.478261,0.521739,0.965015,1.196339,0.925981,1.196339,2.493568,2.740352,36,33,2648,3156,2452,704,39,778.850304,119.720769,0.099767,308.42472,997.439454,1305.864174,0.487081,0.290507,0.518387,8691,145953,154644,0.0562,74506,0.48179,1639,836,654,11,16,7,29,40,120,9,0.948611,0.223067,0,0,0.0,-1,0,0,0,600.0,meshecho-ttl-600,main_mixed_route_ttl_audit
meshcore-like,3,1200.0,125,79,46,0.329114,0.518987,1.0,0.493568,0.403281,0.493568,0.740352,0.493568,41,26,2254,3088,2343,745,41,762.068992,93.997356,0.078331,301.779321,926.99545,1228.774771,0.538936,0.334241,0.290897,7952,143360,151312,0.052554,61945,0.409386,1039,0,690,14,18,13,30,49,0,0,0.0,0.241256,0,0,0.0,-1,0,0,0,300.0,meshcore-native-ttl-300,main_mixed_route_ttl_audit
meshcore-like,3,1200.0,125,79,46,0.493671,0.632911,0.978261,0.493568,0.335626,0.493568,0.740352,0.493568,50,39,2205,2908,2306,602,50,717.647872,89.503522,0.074586,284.188557,865.073845,1149.262402,0.512149,0.319807,0.248754,8470,134022,142492,0.059442,55919,0.392436,837,0,541,11,13,10,45,34,0,0,0.0,0.207015,0,0,0.0,-1,0,0,0,600.0,meshcore-matched-ttl-600,main_mixed_route_ttl_audit
calm-mesh,3,1200.0,125,79,46,0.683544,0.721519,0.978261,1.103964,0.920206,1.103964,2.493568,2.740352,57,54,2205,2997,2189,808,59,739.611648,110.629877,0.092192,292.886213,918.875684,1211.761896,0.536415,0.327407,0.336202,10376,136477,146853,0.070656,62148,0.423199,1181,625,735,14,18,13,50,29,166,10,0.951789,0.269603,0,0,0.0,-1,0,0,0,600.0,meshecho-ttl-600,main_mixed_route_ttl_audit
meshcore-like,4,1200.0,123,53,70,0.226415,0.45283,0.968513,0.493568,0.493568,0.493568,0.740352,0.493568,24,12,3322,4290,3413,877,24,1058.70336,127.360239,0.106134,419.246531,1301.435781,1720.682312,0.516101,0.317547,0.368131,8808,201206,210014,0.04194,91655,0.436423,2149,0,833,20,18,12,15,38,0,0,0.0,0.204429,0,0,0.0,-1,0,0,0,300.0,meshcore-native-ttl-300,main_mixed_route_ttl_audit
meshcore-like,4,1200.0,123,53,70,0.490566,0.698113,0.946939,0.512551,0.386851,0.512551,0.740352,0.493568,37,26,3248,4037,3362,675,38,996.267008,124.3105,0.103592,394.521735,1230.622697,1625.144432,0.496379,0.304297,0.349791,9539,188274,197813,0.048222,86093,0.435224,1888,0,623,14,14,11,31,22,0,0,0.0,0.167203,0,0,0.0,-1,0,0,0,600.0,meshcore-matched-ttl-600,main_mixed_route_ttl_audit
calm-mesh,4,1200.0,123,53,70,0.509434,0.641509,0.933819,1.159282,1.397025,1.159282,3.998228,2.740352,34,27,3203,3814,2893,921,35,941.234176,148.69865,0.123916,372.728734,1214.106354,1586.835088,0.49128,0.291404,0.481439,10318,176568,186886,0.05521,92370,0.494259,2462,1115,872,14,18,10,27,26,147,11,0.952659,0.241479,0,0,0.0,-1,0,0,0,600.0,meshecho-ttl-600,main_mixed_route_ttl_audit
meshcore-like,5,1200.0,105,54,51,0.277778,0.481481,0.980392,0.822613,0.578993,0.822613,1.480704,2.961408,26,15,2450,3332,2548,784,40,822.284288,113.489263,0.094574,325.624578,1027.73759,1353.362168,0.549031,0.333584,0.358941,8868,154400,163268,0.054316,72893,0.446462,1820,0,722,22,16,11,19,35,0,0,0.0,0.235294,0,0,0.0,-1,0,0,0,300.0,meshcore-native-ttl-300,main_mixed_route_ttl_audit
meshcore-like,5,1200.0,105,54,51,0.462963,0.666667,0.980392,0.888422,0.541554,0.888422,1.480704,2.961408,36,25,2450,3222,2568,654,60,795.138048,115.995737,0.096663,314.874667,991.894862,1306.769529,0.527988,0.321268,0.360322,10319,147559,157878,0.065361,68288,0.432537,1520,0,575,19,13,10,30,24,0,0,0.0,0.20298,0,0,0.0,-1,0,0,0,600.0,meshcore-matched-ttl-600,main_mixed_route_ttl_audit
calm-mesh,5,1200.0,105,54,51,0.740741,0.814815,0.979192,1.217603,1.100737,1.217603,2.493568,2.740352,44,40,2447,3316,2381,935,47,818.335744,124.772094,0.103977,324.060955,1033.366064,1357.427019,0.545809,0.329045,0.415163,9905,152579,162484,0.06096,74084,0.455946,1702,747,874,14,21,14,33,21,167,13,0.955267,0.281966,0,0,0.0,-1,0,0,0,600.0,meshecho-ttl-600,main_mixed_route_ttl_audit
meshcore-like,6,1200.0,107,62,45,0.548387,0.822581,0.955556,0.580668,0.435501,0.580668,0.740352,0.987136,51,34,2107,3354,2217,1137,56,827.713536,113.288272,0.094407,327.77456,1026.689066,1354.463626,0.632631,0.386601,0.540779,10366,153980,164346,0.063074,70094,0.426503,1399,0,1055,26,22,21,37,25,0,0,0.0,0.338998,0,0,0.0,-1,0,0,0,300.0,meshcore-native-ttl-300,main_mixed_route_ttl_audit
meshcore-like,6,1200.0,107,62,45,0.645161,0.854839,0.911111,0.505907,0.367848,0.505907,0.740352,0.493568,53,40,2009,2864,2111,753,53,706.789376,95.677627,0.079731,279.888593,873.478809,1153.367402,0.562893,0.344944,0.336842,8919,131417,140336,0.063555,59028,0.420619,1094,0,685,15,15,13,44,18,0,0,0.0,0.262919,0,0,0.0,-1,0,0,0,600.0,meshcore-matched-ttl-600,main_mixed_route_ttl_audit
calm-mesh,6,1200.0,107,62,45,0.806452,0.870968,0.954195,1.02786,0.824713,1.02786,2.493568,2.740352,54,50,2104,2671,1924,747,54,659.160064,106.312231,0.088594,261.027385,836.85598,1097.883365,0.509695,0.306017,0.49947,9705,121174,130879,0.074152,58977,0.450622,1236,653,679,14,15,13,43,19,43,8,0.95191,0.279671,0,0,0.0,-1,0,0,0,600.0,meshecho-ttl-600,main_mixed_route_ttl_audit
meshcore-like,7,1200.0,128,68,60,0.558824,0.75,0.933333,0.493568,0.372595,0.493568,0.740352,0.493568,51,38,2744,3746,2856,890,51,924.452864,125.093192,0.104244,366.083334,1145.147059,1511.230394,0.543217,0.332298,0.396373,10465,173089,183554,0.057013,79170,0.431317,1780,0,822,17,17,15,40,28,0,0,0.0,0.237587,0,0,0.0,-1,0,0,0,300.0,meshcore-native-ttl-300,main_mixed_route_ttl_audit
meshcore-like,7,1200.0,128,68,60,0.617647,0.779412,0.948299,0.50532,0.349223,0.50532,0.740352,0.493568,53,42,2788,3593,2900,693,53,886.694912,120.615382,0.100513,351.131185,1098.374522,1449.505707,0.512193,0.31332,0.436839,10280,165777,176057,0.05839,75696,0.429952,1732,0,627,13,13,11,44,24,0,0,0.0,0.192875,0,0,0.0,-1,0,0,0,600.0,meshcore-matched-ttl-600,main_mixed_route_ttl_audit
calm-mesh,7,1200.0,128,68,60,0.808824,0.823529,0.967347,0.983775,0.833912,0.983775,2.493568,2.740352,56,55,2844,3309,2562,747,56,816.608256,126.068639,0.105057,323.376869,1035.60571,1358.98258,0.468776,0.281686,0.428155,11080,151061,162141,0.068336,73744,0.454814,1584,813,678,13,14,12,45,23,40,6,0.942795,0.225748,0,0,0.0,-1,0,0,0,600.0,meshecho-ttl-600,main_mixed_route_ttl_audit
meshcore-like,8,1200.0,125,63,62,0.428571,0.746032,0.951613,0.530129,0.462064,0.530129,0.740352,0.839066,47,27,2891,4160,3010,1150,49,1026.62144,126.53485,0.105446,406.54209,1252.926889,1659.468979,0.568701,0.351824,0.302497,10565,193275,203840,0.05183,84382,0.413962,1606,0,1078,23,22,21,32,31,0,0,0.0,0.276442,0,0,0.0,-1,0,0,0,300.0,meshcore-native-ttl-300,main_mixed_route_ttl_audit
meshcore-like,8,1200.0,125,63,62,0.666667,0.920635,0.967742,0.540574,0.39145,0.540574,0.740352,0.987136,58,42,2940,3885,3072,813,62,958.75584,125.301397,0.104418,379.667313,1174.883186,1554.550499,0.521311,0.321514,0.299732,11415,178950,190365,0.059964,78370,0.411683,1543,0,735,16,15,15,48,15,0,0,0.0,0.209266,0,0,0.0,-1,0,0,0,600.0,meshcore-matched-ttl-600,main_mixed_route_ttl_audit
calm-mesh,8,1200.0,125,63,62,0.761905,0.761905,0.983871,1.055264,0.80848,1.055264,2.493568,2.740352,48,48,2989,3447,2699,748,48,850.664448,110.699628,0.09225,336.863121,1045.528937,1382.392058,0.455183,0.2801,0.274055,9995,158908,168903,0.059176,70411,0.416872,960,637,686,14,14,13,39,24,0,6,0.94591,0.217,0,0,0.0,-1,0,0,0,600.0,meshecho-ttl-600,main_mixed_route_ttl_audit
meshcore-like,9,1200.0,127,58,69,0.413793,0.655172,0.97131,0.493568,0.428625,0.493568,0.740352,0.493568,38,24,3284,4273,3383,890,38,1054.508032,131.038372,0.109199,417.585181,1293.374732,1710.959913,0.517219,0.318775,0.474843,9945,199432,209377,0.047498,89644,0.428146,2050,0,835,17,19,14,30,28,0,0,0.0,0.208285,0,0,0.0,-1,0,0,0,300.0,meshcore-native-ttl-300,main_mixed_route_ttl_audit
meshcore-like,9,1200.0,127,58,69,0.482759,0.706897,0.97131,0.493568,0.379205,0.493568,0.740352,0.493568,41,28,3284,4088,3395,693,41,1008.852992,127.441903,0.106202,399.505785,1243.129485,1642.63527,0.495965,0.304605,0.410999,9925,190387,200312,0.049548,86378,0.431217,1981,0,639,13,15,11,36,22,0,0,0.0,0.169521,0,0,0.0,-1,0,0,0,600.0,meshcore-matched-ttl-600,main_mixed_route_ttl_audit
calm-mesh,9,1200.0,127,58,69,0.793103,0.862069,0.983437,1.215485,0.955884,1.215485,2.493568,2.740352,50,46,3325,3851,3049,802,50,950.365184,128.944539,0.107454,376.344613,1182.734531,1559.079143,0.462498,0.281924,0.40282,10948,177751,188699,0.058018,82583,0.437644,1391,851,737,15,17,14,38,20,80,10,0.950379,0.208258,0,0,0.0,-1,0,0,0,600.0,meshecho-ttl-600,main_mixed_route_ttl_audit
meshcore-like,10,1200.0,133,72,61,0.444444,0.708333,0.967213,0.493568,0.420984,0.493568,0.740352,0.493568,51,32,2891,4010,3006,1004,51,989.60384,128.277176,0.106898,391.883121,1218.065579,1609.9487,0.550786,0.338558,0.351954,10678,185812,196490,0.054344,83310,0.423991,1842,0,933,20,21,18,39,33,0,0,0.0,0.250374,0,0,0.0,-1,0,0,0,300.0,meshcore-native-ttl-300,main_mixed_route_ttl_audit
meshcore-like,10,1200.0,133,72,61,0.555556,0.75,0.982268,0.493568,0.356466,0.493568,0.740352,0.493568,54,40,2936,3760,3054,706,54,927.90784,123.355919,0.102797,367.451505,1144.073371,1511.524876,0.507905,0.311797,0.406649,10417,173823,184240,0.05654,78177,0.424322,1646,0,638,14,14,12,49,23,0,0,0.0,0.187766,0,0,0.0,-1,0,0,0,600.0,meshcore-matched-ttl-600,main_mixed_route_ttl_audit
calm-mesh,10,1200.0,133,72,61,0.847222,0.902778,0.978923,1.04201,0.834114,1.04201,2.493568,2.740352,65,61,2926,3470,2655,815,65,856.34048,130.975684,0.109146,339.11083,1075.801908,1414.912738,0.47369,0.286689,0.422735,12083,157947,170030,0.071064,74460,0.437923,1555,866,736,14,16,14,56,16,83,8,0.950514,0.23487,0,0,0.0,-1,0,0,0,600.0,meshecho-ttl-600,main_mixed_route_ttl_audit
meshcore-like,11,1200.0,140,66,74,0.454545,0.772727,0.94374,0.493568,0.450018,0.493568,0.740352,0.493568,51,30,3422,4751,3547,1204,51,1172.470784,152.914075,0.127428,464.29843,1440.847468,1905.145899,0.551896,0.33965,0.497411,11956,220843,232799,0.051358,99561,0.427669,2339,0,1128,25,24,21,35,31,0,0,0.0,0.25342,0,0,0.0,-1,0,0,0,300.0,meshcore-native-ttl-300,main_mixed_route_ttl_audit
meshcore-like,11,1200.0,140,66,74,0.621212,0.80303,0.899338,0.505606,0.367848,0.505606,0.740352,0.493568,53,41,3261,4186,3384,802,53,1033.037824,133.994489,0.111662,409.082978,1262.128731,1671.21171,0.506121,0.312852,0.427364,11116,193998,205114,0.054194,85365,0.416183,1882,0,734,15,16,14,46,20,0,0,0.0,0.191591,0,0,0.0,-1,0,0,0,600.0,meshcore-matched-ttl-600,main_mixed_route_ttl_audit
calm-mesh,11,1200.0,140,66,74,0.69697,0.727273,0.928847,0.976634,0.88055,0.976634,2.493568,2.740352,48,46,3368,3845,3048,797,51,948.88448,141.474115,0.117895,375.758254,1193.706281,1569.464535,0.459714,0.277939,0.497131,11240,177165,188405,0.059659,85558,0.454117,1935,992,732,14,16,12,42,24,83,9,0.945911,0.207282,0,0,0.0,-1,0,0,0,600.0,meshecho-ttl-600,main_mixed_route_ttl_audit
meshcore-like,12,1200.0,132,63,69,0.111111,0.238095,0.992606,0.564078,0.526473,0.564078,0.740352,0.839066,15,7,3356,4032,3416,616,16,995.033088,125.236844,0.104364,394.033103,1236.385382,1630.418485,0.484811,0.295877,0.533449,7664,189904,197568,0.038792,89895,0.455008,2064,0,583,17,14,9,8,55,0,0,0.0,0.152778,0,0,0.0,-1,0,0,0,300.0,meshcore-native-ttl-300,main_mixed_route_ttl_audit
meshcore-like,12,1200.0,132,63,69,0.142857,0.238095,0.985211,0.493568,0.444211,0.493568,0.740352,0.493568,15,9,3331,3870,3406,464,15,955.05408,119.317055,0.099431,378.201416,1186.140135,1564.341551,0.468366,0.285944,0.491358,7278,182352,189630,0.03838,86227,0.454712,2005,0,436,13,11,6,11,52,0,0,0.0,0.119897,0,0,0.0,-1,0,0,0,600.0,meshcore-matched-ttl-600,main_mixed_route_ttl_audit
calm-mesh,12,1200.0,132,63,69,0.793651,0.809524,0.982845,1.162668,0.902764,1.162668,2.493568,2.740352,51,50,3323,3841,2960,881,51,947.897344,144.968403,0.120807,375.367348,1206.565373,1581.932721,0.468999,0.281025,0.492526,11748,176461,188209,0.06242,87948,0.467289,1924,1041,814,16,18,14,42,21,67,10,0.955345,0.229367,0,0,0.0,-1,0,0,0,600.0,meshecho-ttl-600,main_mixed_route_ttl_audit
meshcore-like,13,1200.0,129,63,66,0.380952,0.587302,0.944341,0.493568,0.4202,0.493568,0.740352,0.493568,37,24,3054,4105,3165,940,37,1013.04832,116.133533,0.096778,401.167135,1218.250119,1619.417254,0.526126,0.329126,0.335728,9125,192020,201145,0.045365,80986,0.402625,1289,0,884,19,20,16,28,35,0,0,0.0,0.228989,0,0,0.0,-1,0,0,0,300.0,meshcore-native-ttl-300,main_mixed_route_ttl_audit
meshcore-like,13,1200.0,129,63,66,0.47619,0.619048,0.968769,0.493568,0.360684,0.493568,0.740352,0.493568,39,30,3133,3885,3245,640,39,958.75584,118.464427,0.09872,379.667313,1165.899437,1545.56675,0.48864,0.303116,0.438021,9141,181224,190365,0.048018,79309,0.416615,1472,0,589,12,13,10,38,25,0,0,0.0,0.164736,0,0,0.0,-1,0,0,0,600.0,meshcore-matched-ttl-600,main_mixed_route_ttl_audit
calm-mesh,13,1200.0,129,63,66,0.777778,0.793651,0.998763,1.084617,0.826012,1.084617,2.493568,2.740352,50,49,3230,3708,2910,798,50,915.075072,135.454192,0.112878,362.369729,1138.881083,1501.250811,0.457838,0.279071,0.492856,11222,170421,181643,0.061781,79174,0.435877,1596,849,733,15,16,14,46,17,36,8,0.949772,0.21521,0,0,0.0,-1,0,0,0,600.0,meshecho-ttl-600,main_mixed_route_ttl_audit
meshcore-like,14,1200.0,114,46,68,0.456522,0.913043,0.941176,0.493568,0.481816,0.493568,0.740352,0.493568,42,21,3136,4285,3242,1043,42,1057.46944,131.665578,0.109721,418.757898,1297.45978,1716.217678,0.543623,0.33496,0.441475,10036,199929,209965,0.047798,89797,0.427676,1792,0,981,20,21,20,25,21,0,0,0.0,0.243407,0,0,0.0,-1,0,0,0,300.0,meshcore-native-ttl-300,main_mixed_route_ttl_audit
meshcore-like,14,1200.0,114,46,68,0.608696,0.891304,0.960984,0.493568,0.403281,0.493568,0.740352,0.493568,41,28,3202,4098,3306,792,41,1011.320832,127.425109,0.106188,400.483049,1245.427849,1645.910898,0.50957,0.313102,0.48846,9786,191016,200802,0.048735,86772,0.432127,1681,0,735,16,15,14,30,16,0,0,0.0,0.193265,0,0,0.0,-1,0,0,0,600.0,meshcore-matched-ttl-600,main_mixed_route_ttl_audit
calm-mesh,14,1200.0,114,46,68,0.869565,0.869565,0.981393,1.111434,0.86465,1.111434,2.493568,2.740352,40,40,3270,3709,2923,786,40,915.321856,131.508636,0.109591,362.467455,1144.517945,1506.9854,0.455283,0.276532,0.543809,10300,171441,181741,0.056674,81288,0.447274,1610,872,731,15,15,14,31,15,0,7,0.953991,0.211917,0,0,0.0,-1,0,0,0,600.0,meshecho-ttl-600,main_mixed_route_ttl_audit
meshcore-like,15,1200.0,135,68,67,0.235294,0.411765,0.946695,0.493568,0.458313,0.493568,0.740352,0.493568,28,16,3108,4074,3199,875,28,1005.398016,127.46849,0.106224,398.137614,1242.651359,1640.788973,0.525221,0.32183,0.557683,8674,190952,199626,0.043451,88475,0.443204,1792,0,828,19,18,13,17,51,0,0,0.0,0.214777,0,0,0.0,-1,0,0,0,300.0,meshcore-native-ttl-300,main_mixed_route_ttl_audit
meshcore-like,15,1200.0,135,68,67,0.367647,0.5,0.934207,0.493568,0.377434,0.493568,0.740352,0.493568,34,25,3067,3804,3171,633,34,938.766336,122.507099,0.102089,371.751469,1160.614878,1532.366347,0.495591,0.303611,0.546341,8843,177553,186396,0.047442,81974,0.439784,1715,0,586,13,13,10,30,38,0,0,0.0,0.166404,0,0,0.0,-1,0,0,0,600.0,meshcore-matched-ttl-600,main_mixed_route_ttl_audit
calm-mesh,15,1200.0,135,68,67,0.764706,0.794118,0.91989,1.136933,1.045447,1.136933,2.493568,2.740352,54,52,3020,3799,2860,939,59,937.532416,142.209921,0.118508,371.262837,1187.020895,1558.283731,0.507254,0.305186,0.509129,11498,174653,186151,0.061767,85686,0.460304,1527,813,865,15,19,14,39,29,136,12,0.937663,0.24717,0,0,0.0,-1,0,0,0,600.0,meshecho-ttl-600,main_mixed_route_ttl_audit
meshcore-like,16,1200.0,121,53,68,0.415094,0.773585,0.963385,0.516003,0.457453,0.516003,0.740352,0.493568,41,22,3210,4231,3287,944,42,1044.143104,143.361195,0.119468,413.480669,1304.279377,1717.760046,0.531485,0.323064,0.68912,10324,196995,207319,0.049798,93687,0.451898,2067,0,883,19,19,18,27,26,0,0,0.0,0.223115,0,0,0.0,-1,0,0,0,300.0,meshcore-native-ttl-300,main_mixed_route_ttl_audit
meshcore-like,16,1200.0,121,53,68,0.603774,0.886792,0.977491,0.493568,0.383303,0.493568,0.740352,0.493568,47,32,3257,4032,3335,697,47,995.033088,143.613222,0.119678,394.033103,1250.896948,1644.93005,0.500131,0.302534,0.718588,10582,186986,197568,0.053561,90544,0.458293,2141,0,637,13,13,13,40,13,0,0,0.0,0.172867,0,0,0.0,-1,0,0,0,600.0,meshcore-matched-ttl-600,main_mixed_route_ttl_audit
calm-mesh,16,1200.0,121,53,68,0.792453,0.849057,0.962785,1.082011,0.845926,1.082011,2.493568,2.740352,45,42,3208,3532,2837,695,45,871.641088,134.645767,0.112205,345.169871,1100.479957,1445.649828,0.444815,0.268197,0.60006,10667,162401,173068,0.061635,79385,0.458693,1801,961,637,13,13,13,40,13,0,5,0.952049,0.196772,0,0,0.0,-1,0,0,0,600.0,meshecho-ttl-600,main_mixed_route_ttl_audit
meshcore-like,17,1200.0,107,53,54,0.320755,0.660377,0.981481,0.493568,0.486517,0.493568,0.740352,0.493568,35,17,2597,3626,2688,938,35,894.838784,103.064239,0.085887,354.356158,1084.114602,1438.470761,0.550295,0.342325,0.273579,8203,169471,177674,0.046169,72628,0.408771,1286,0,884,19,20,17,20,33,0,0,0.0,0.258687,0,0,0.0,-1,0,0,0,300.0,meshcore-native-ttl-300,main_mixed_route_ttl_audit
meshcore-like,17,1200.0,107,53,54,0.566038,0.754717,0.981481,0.51002,0.382515,0.51002,0.740352,0.493568,40,30,2597,3338,2697,641,40,823.764992,101.207498,0.08434,326.210937,1004.63652,1330.847456,0.506604,0.313576,0.281731,8546,155016,163562,0.052249,67410,0.412137,1387,0,588,13,12,11,35,18,0,0,0.0,0.192031,0,0,0.0,-1,0,0,0,600.0,meshcore-matched-ttl-600,main_mixed_route_ttl_audit
calm-mesh,17,1200.0,107,53,54,0.735849,0.754717,0.992063,1.127276,0.979471,1.127276,2.493568,2.740352,40,39,2625,3113,2371,742,43,768.238592,111.6573,0.093048,304.222482,962.813013,1267.035496,0.475614,0.288378,0.364504,9224,143313,152537,0.060471,67828,0.444666,1416,734,686,13,14,12,33,20,35,7,0.951481,0.238355,0,0,0.0,-1,0,0,0,600.0,meshecho-ttl-600,main_mixed_route_ttl_audit
meshcore-like,18,1200.0,122,67,55,0.537313,0.895522,0.945455,0.548409,0.533805,0.548409,0.740352,0.987136,60,36,2548,3895,2677,1218,67,961.22368,132.136908,0.110114,380.644577,1176.569212,1557.21379,0.602637,0.371991,0.354627,11960,178895,190855,0.062665,78285,0.410181,1682,0,1123,28,23,22,43,24,0,0,0.0,0.312709,0,0,0.0,-1,0,0,0,300.0,meshcore-native-ttl-300,main_mixed_route_ttl_audit
meshcore-like,18,1200.0,122,67,55,0.656716,0.880597,0.963636,0.560873,0.372267,0.560873,0.740352,0.987136,59,44,2597,3490,2724,766,65,861.27616,115.366136,0.096138,341.065359,1048.682896,1389.748255,0.52622,0.326117,0.311137,10900,160110,171010,0.063739,68502,0.400573,1291,0,686,15,14,13,52,15,0,0,0.0,0.219484,0,0,0.0,-1,0,0,0,600.0,meshcore-matched-ttl-600,main_mixed_route_ttl_audit
calm-mesh,18,1200.0,122,67,55,0.716418,0.746269,0.997774,1.008456,0.741076,1.008456,2.493568,2.740352,50,48,2689,3094,2394,700,50,763.549696,120.347879,0.10029,302.36568,961.957418,1264.323098,0.461938,0.278973,0.483502,10381,141225,151606,0.068474,67431,0.444778,1693,798,637,13,13,11,43,24,0,5,0.943273,0.226244,0,0,0.0,-1,0,0,0,600.0,meshecho-ttl-600,main_mixed_route_ttl_audit
meshcore-like,19,1200.0,116,67,49,0.597015,0.925373,0.999584,0.505907,0.429882,0.505907,0.740352,0.493568,62,40,2400,3778,2516,1262,62,932.349952,124.430271,0.103692,369.210581,1143.964325,1513.174906,0.620154,0.382111,0.411659,11112,174010,185122,0.060025,76640,0.413997,1499,0,1176,24,24,24,42,25,0,0,0.0,0.334039,0,0,0.0,-1,0,0,0,300.0,meshcore-native-ttl-300,main_mixed_route_ttl_audit
meshcore-like,19,1200.0,116,67,49,0.701493,0.925373,1.0,0.504069,0.366196,0.504069,0.740352,0.493568,62,47,2401,3378,2517,861,62,833.636352,113.564909,0.094637,330.119995,1021.790364,1351.91036,0.552251,0.340538,0.417356,10452,155070,165522,0.063146,68075,0.411275,1225,0,783,16,16,16,50,17,0,0,0.0,0.254885,0,0,0.0,-1,0,0,0,600.0,meshcore-matched-ttl-600,main_mixed_route_ttl_audit
calm-mesh,19,1200.0,116,67,49,0.791045,0.820896,0.980841,0.959882,0.777842,0.959882,2.493568,2.740352,55,53,2355,3053,2202,851,55,753.431552,105.765376,0.088138,298.358895,922.197406,1220.556301,0.506876,0.312887,0.317396,10027,139570,149597,0.067027,60731,0.405964,837,478,780,16,16,14,46,21,0,8,0.951816,0.278742,0,0,0.0,-1,0,0,0,600.0,meshecho-ttl-600,main_mixed_route_ttl_audit
meshcore-like,20,1200.0,117,50,67,0.14,0.34,0.975632,0.493568,0.537118,0.493568,0.740352,0.493568,17,7,3203,3957,3288,669,17,976.524288,105.135298,0.087613,386.703618,1182.508049,1569.211668,0.488851,0.304213,0.307855,6830,187063,193893,0.035226,81896,0.422377,1285,0,638,14,14,10,9,41,0,0,0.0,0.169067,0,0,0.0,-1,0,0,0,300.0,meshcore-native-ttl-300,main_mixed_route_ttl_audit
meshcore-like,20,1200.0,117,50,67,0.18,0.34,0.97685,0.493568,0.479051,0.493568,0.740352,0.493568,17,9,3207,3850,3281,569,17,950.1184,102.933565,0.085778,376.246886,1150.867804,1527.11469,0.474849,0.295435,0.321764,6825,181825,188650,0.036178,79621,0.422057,1373,0,540,12,12,8,11,39,0,0,0.0,0.147792,0,0,0.0,-1,0,0,0,600.0,meshcore-matched-ttl-600,main_mixed_route_ttl_audit
calm-mesh,20,1200.0,117,50,67,0.44,0.44,0.9735,1.412707,1.165923,1.412707,2.493568,2.740352,22,22,3196,3523,2864,659,22,869.420032,105.975401,0.088313,344.290333,1075.130853,1419.421186,0.441088,0.270174,0.329132,7707,164920,172627,0.044645,76548,0.44343,1241,791,624,13,13,9,16,34,0,5,0.949268,0.187056,0,0,0.0,-1,0,0,0,600.0,meshecho-ttl-600,main_mixed_route_ttl_audit
